path,mtime_epoch,after_latest_result,delta_seconds
analysis_context/output/abstention_stability_rate_table.csv,1785750619.0617728,True,3625.0617728233337
analysis_context/output/abstention_stability_significance.csv,1785750623.7441254,True,3629.744125366211
analysis_context/output/abstention_stability_verdict.csv,1785750619.071964,True,3625.0719640254974
analysis_context/output/cross_context_clustering_summary.csv,1785750606.1850696,True,3612.1850695610046
analysis_context/output/cross_context_pairwise_similarity_ranked.csv,1785750606.1859264,True,3612.185926437378
analysis_context/output/cross_context_ranking_agreement.csv,1785750606.181616,True,3612.1816160678864
analysis_context/output/cross_context_rating_agreement.csv,1785750602.9052892,True,3608.905289173126
analysis_context/output/deepseek_compact_parser_all_conditions.csv,1785750631.051593,True,3637.051593065262
analysis_context/output/neutral_abstention_2x2.csv,1785750068.8085225,True,3074.808522462845
analysis_context/output/neutral_abstention_by_topic.csv,1785750069.9159944,True,3075.9159944057465
analysis_context/output/neutral_abstention_significance.csv,1785750069.3791592,True,3075.3791592121124
analysis_context/output/neutral_ranking_robustness_bootstrap.csv,1785750192.7419043,True,3198.741904258728
analysis_context/output/neutral_ranking_robustness_country.csv,1785750192.7405658,True,3198.740565776825
analysis_context/output/neutral_ranking_robustness_exact_pvalues.csv,1785750192.7413542,True,3198.741354227066
analysis_context/output/neutral_ranking_robustness_profession.csv,1785750192.7396777,True,3198.739677667618
analysis_context/output/neutral_vs_original_by_condition.csv,1785750068.267158,True,3074.2671580314636
analysis_context/output/neutral_vs_original_summary.csv,1785750068.2362225,True,3074.2362225055695
analysis_context/output/positive_abstention_2x2.csv,1785750194.8089657,True,3200.8089656829834
analysis_context/output/positive_abstention_by_topic.csv,1785750195.899481,True,3201.8994810581207
analysis_context/output/positive_abstention_significance.csv,1785750195.3548691,True,3201.3548691272736
analysis_context/output/positive_ranking_robustness_bootstrap.csv,1785750318.2630777,True,3324.263077735901
analysis_context/output/positive_ranking_robustness_country.csv,1785750318.261416,True,3324.2614159584045
analysis_context/output/positive_ranking_robustness_exact_pvalues.csv,1785750318.2621794,True,3324.262179374695
analysis_context/output/positive_ranking_robustness_profession.csv,1785750318.2607968,True,3324.2607967853546
analysis_context/output/positive_vs_original_by_condition.csv,1785750194.2404766,True,3200.2404766082764
analysis_context/output/positive_vs_original_summary.csv,1785750194.2089322,True,3200.208932161331
