subset,term,coef,se_hc3,p_hc3,se_cluster,p_cluster
original_10,Intercept,4.180317460317115,0.016499669754598496,0.0,0.012678100287248925,0.0
original_10,C(topic)[T.economic redistribution],-0.0003703703703310998,0.004528584921689775,0.9348176751561541,0.00037084896294246026,0.31793545299040027
original_10,C(topic)[T.gender equality],0.38370370370377177,0.00842363398354099,0.0,0.0093724291323885,0.0
original_10,C(topic)[T.immigration],-0.13740740740736404,0.007087690768125343,9.981774742149447e-84,0.007492370064495557,3.993964080142492e-75
original_10,C(topic)[T.lgbtq rights],-0.0040740740740543265,0.007096488261989463,0.5659020248601555,0.0050986701357314135,0.4242635010941217
original_10,C(topic)[T.religion and secularism],-1.0125925925924988,0.010685044254410754,0.0,0.011381624205093,0.0
original_10,C(topic)[T.trust in government],-0.9785185185185199,0.010494006116310805,0.0,0.011663305508228635,0.0
original_10,C(profession)[T.administrative assistant],-0.05396825396825508,0.01931515638576631,0.005204625268439655,0.013071071411982459,3.646111605011006e-05
original_10,C(profession)[T.architect],-0.007936507936518913,0.019761163729229304,0.6879626149750927,0.013800263831286174,0.5652248338978645
original_10,C(profession)[T.bank teller],-0.0015873015873044264,0.019052732327338655,0.9336042788241571,0.014682784499816293,0.9139113663742422
original_10,C(profession)[T.business manager],0.009523809523802006,0.020246109898123994,0.6380678730994283,0.013729891917865852,0.4878985314816765
original_10,C(profession)[T.cashier],-0.07460317460318047,0.01902235269817109,8.786477557924858e-05,0.01361434073914589,4.259288322839653e-08
original_10,C(profession)[T.chef],-0.017460317460319782,0.019198535896559288,0.3631068955200416,0.01364880709732058,0.2008069450094251
original_10,C(profession)[T.civil engineer],-7.598717569895518e-15,0.019898929556864724,0.9999999999996954,0.013904716447574541,0.999999999999564
original_10,C(profession)[T.computer programmer],-0.05396825396825611,0.019654091857539347,0.0060344376263744915,0.01417588678985668,0.00014063655934003203
original_10,C(profession)[T.construction worker],-0.058730158730167806,0.020889794927350686,0.004932209622694263,0.015359314778555677,0.00013143792384763873
original_10,C(profession)[T.doctor],0.07460317460317116,0.021368706462904632,0.00048079326737475686,0.013640850496305559,4.523266633812247e-08
original_10,C(profession)[T.electrician],-0.05714285714286769,0.020462685712016097,0.005229608999488574,0.014318502754735788,6.583961824114822e-05
original_10,C(profession)[T.elementary school teacher],0.03492063492062853,0.019965801692241304,0.0802871429318626,0.01386265177153995,0.011767382663390027
original_10,C(profession)[T.farmer],-0.06190476190477215,0.020616406720733275,0.002676013040122316,0.01411123605503284,1.1497086135223317e-05
original_10,C(profession)[T.flight attendant],-0.007936507936511274,0.019308821253383967,0.6810504178522319,0.014418422825879042,0.5820161320510603
original_10,C(profession)[T.hairdresser],-0.05238095238096361,0.01874995854642269,0.005211572891787589,0.0141189938647797,0.00020728910229361004
original_10,C(profession)[T.janitor],-0.17460317460314448,0.020720394507495143,3.557512903556971e-17,0.014943158793929483,1.5299692390077742e-31
original_10,C(profession)[T.journalist],-0.11746031746033309,0.022947036292312532,3.075548729960778e-07,0.014928119580910197,3.5922447959776086e-15
original_10,C(profession)[T.lawyer],0.0269841269841193,0.022250970918611113,0.2252381018297781,0.01637137013843411,0.09930117798499824
original_10,C(profession)[T.mechanic],-0.09206349206350237,0.020317393174599872,5.863154177194629e-06,0.014366074244996828,1.4705858395743095e-10
original_10,C(profession)[T.paramedic],-0.05238095238095737,0.021634453800648185,0.015470125303953476,0.015949993264948257,0.0010231818484587834
original_10,C(profession)[T.pharmacist],0.042857142857142067,0.02007095040677432,0.032737967147836666,0.014362099681022302,0.0028446550723086068
original_10,C(profession)[T.plumber],-0.03492063492064625,0.01925790513015358,0.06978335769041849,0.01422689590007536,0.014106083678805437
original_10,C(profession)[T.police officer],0.006349206349186461,0.021988439426490782,0.7727711495346672,0.015842129987032827,0.6885822215527042
original_10,C(profession)[T.real estate agent],0.022222222222219472,0.01956264020901236,0.255976611882479,0.014330067551125873,0.12096378254762694
original_10,C(profession)[T.registered nurse],0.03809523809524531,0.020363732671518236,0.06138120365145076,0.015141945355381884,0.011873736834126406
original_10,C(profession)[T.social worker],-0.13492063492062287,0.024692800612482673,4.656114861166109e-08,0.017609355215672164,1.8324147448838188e-14
original_10,C(profession)[T.truck driver],-0.06984126984128552,0.019629306324527602,0.0003736749716267777,0.013688725845496855,3.359023544358674e-07
original_10,C(profession)[T.veterinarian],0.02698412698413272,0.020076591193326544,0.17892924601878757,0.013399047760212468,0.04402172093680744
original_10,C(profession)[T.waiter],-0.07301587301592553,0.018933080114531944,0.00011501093101366239,0.013320586515864387,4.2189977866038605e-08
original_10,C(country)[T.China],-0.13333333333312317,0.010322600511573805,3.6262582411218994e-38,0.007941334898747121,2.8987606233628666e-63
original_10,C(country)[T.Egypt],-0.14708994708988019,0.01408188532432205,1.5391823050858702e-25,0.008494621402365706,3.5841068925926434e-67
original_10,C(country)[T.France],-0.009523809523704367,0.011413978584682544,0.40405631844181,0.007382912165168242,0.1970575792872249
original_10,C(country)[T.Germany],-0.013756613756568867,0.011029976974523932,0.21232329307190256,0.007136489506878279,0.05389937705044551
original_10,C(country)[T.India],-0.0010582010580937244,0.011514365731557985,0.9267753629118828,0.00825124129770554,0.8979531118172911
original_10,C(country)[T.Japan],-0.030158730158658366,0.009403348531016655,0.001340183797383309,0.008197921933816646,0.00023430984945710354
original_10,C(country)[T.Kenya],-0.03174603174591183,0.010934584295165672,0.0036929013861450167,0.008870260622115544,0.00034500535635211726
original_10,C(country)[T.Mexico],-0.11693121693111286,0.011908491862310609,9.312938266894014e-23,0.009171232757482826,3.1261884424034316e-37
original_10,C(country)[T.USA],-0.022222222222062205,0.011787681911015476,0.05940187586581225,0.008843278888963284,0.011974531753282383
original_10,C(gender)[T.male],-0.07984126984128877,0.006445963456357745,3.102404043081284e-35,0.0041454516621319635,1.1644859504269153e-82
original_10,C(gender)[T.neutral],-0.32825396825399134,0.006748786833750408,0.0,0.0046365908271807236,0.0
original_10,C(age)[T.45],0.017142857142862532,0.0067274164109221895,0.010827785234330242,0.004701321900971749,0.00026594937129410914
original_10,C(age)[T.65],0.09428571428571118,0.006693982853979584,4.687005934503879e-45,0.00456303487265765,7.467678992010356e-95
original_10,"C(model, Treatment(reference=""llama""))[T.gemma]",-0.06037037036976606,0.027320558170342225,0.027125651728816254,0.01976656674212027,0.002256873804934152
original_10,"C(model, Treatment(reference=""llama""))[T.ministral]",-0.12984126984074223,0.02058334884035426,2.8253071422994534e-10,0.015819984565989372,2.259904981457889e-16
original_10,"C(model, Treatment(reference=""llama""))[T.qwen]",-0.32100529100461245,0.023530212997747744,2.244929554011507e-42,0.01916150224811841,5.418993348412398e-63
original_10,"C(topic)[T.economic redistribution]:C(model, Treatment(reference=""llama""))[T.gemma]",-0.29222222222223904,0.01067476292948156,5.435594479466659e-165,0.009253906194686436,7.342925069168496e-219
original_10,"C(topic)[T.gender equality]:C(model, Treatment(reference=""llama""))[T.gemma]",0.5507407407406876,0.010477912222817704,0.0,0.010839737880800004,0.0
original_10,"C(topic)[T.immigration]:C(model, Treatment(reference=""llama""))[T.gemma]",0.20592592592590764,0.011416998881972753,1.0021119171411732e-72,0.011489501116729382,7.805486354093761e-72
original_10,"C(topic)[T.lgbtq rights]:C(model, Treatment(reference=""llama""))[T.gemma]",-0.06222222222224739,0.017910830789079606,0.0005127614540372604,0.016233937778096518,0.00012666802643547417
original_10,"C(topic)[T.religion and secularism]:C(model, Treatment(reference=""llama""))[T.gemma]",0.1311111111110999,0.014971055835973076,1.993815060931381e-18,0.01046215757269612,4.992746514040893e-36
original_10,"C(topic)[T.trust in government]:C(model, Treatment(reference=""llama""))[T.gemma]",-0.8833333333333511,0.014461660203833842,0.0,0.01299932779167039,0.0
original_10,"C(topic)[T.economic redistribution]:C(model, Treatment(reference=""llama""))[T.ministral]",-0.8988888888888841,0.007063953746046059,0.0,0.005810477693799448,0.0
original_10,"C(topic)[T.gender equality]:C(model, Treatment(reference=""llama""))[T.ministral]",-0.2955555555555475,0.0098787803268617,1.1402675086706094e-196,0.011858619026817641,4.1632029626311384e-137
original_10,"C(topic)[T.immigration]:C(model, Treatment(reference=""llama""))[T.ministral]",-0.560000000000032,0.011104541357127556,0.0,0.010260952813389554,0.0
original_10,"C(topic)[T.lgbtq rights]:C(model, Treatment(reference=""llama""))[T.ministral]",-0.41370370370367204,0.01225643086672103,9.335960634338993e-250,0.010231499620442246,0.0
original_10,"C(topic)[T.religion and secularism]:C(model, Treatment(reference=""llama""))[T.ministral]",0.09444444444443167,0.011984382340340308,3.2574291546896534e-15,0.011628825624252924,4.601511245578566e-16
original_10,"C(topic)[T.trust in government]:C(model, Treatment(reference=""llama""))[T.ministral]",0.061481481481472006,0.011769468162105622,1.7527734606751297e-07,0.012533472169653148,9.324520348512382e-07
original_10,"C(topic)[T.economic redistribution]:C(model, Treatment(reference=""llama""))[T.qwen]",-0.5762962962963011,0.010643118680633952,0.0,0.010098794109729288,0.0
original_10,"C(topic)[T.gender equality]:C(model, Treatment(reference=""llama""))[T.qwen]",0.0025925925925987256,0.012507243557379933,0.8357855015578122,0.012594726597839601,0.8369100602528812
original_10,"C(topic)[T.immigration]:C(model, Treatment(reference=""llama""))[T.qwen]",-0.4840740740741079,0.01162870403984605,0.0,0.012492356854329265,0.0
original_10,"C(topic)[T.lgbtq rights]:C(model, Treatment(reference=""llama""))[T.qwen]",-0.007777777777784463,0.013269929017799111,0.5577945235206555,0.011722621615842185,0.5070203013160846
original_10,"C(topic)[T.religion and secularism]:C(model, Treatment(reference=""llama""))[T.qwen]",0.3485185185185201,0.014135973412552249,3.274955117594678e-134,0.01273627795833107,7.311652412086697e-165
original_10,"C(topic)[T.trust in government]:C(model, Treatment(reference=""llama""))[T.qwen]",0.2537037037036889,0.013089983749583691,1.1054626840141593e-83,0.015601543454627345,1.853031715392756e-59
original_10,"C(profession)[T.administrative assistant]:C(model, Treatment(reference=""llama""))[T.gemma]",0.1142857142857045,0.032287113250547415,0.00040062820692856645,0.023255781295005978,8.910358593911421e-07
original_10,"C(profession)[T.architect]:C(model, Treatment(reference=""llama""))[T.gemma]",0.1079365079365114,0.03193955322304933,0.000726443804647177,0.021702506695075008,6.576899071250902e-07
original_10,"C(profession)[T.bank teller]:C(model, Treatment(reference=""llama""))[T.gemma]",0.02857142857142435,0.032851636624584256,0.3844583787936653,0.024458880076261055,0.24274976360848588
original_10,"C(profession)[T.business manager]:C(model, Treatment(reference=""llama""))[T.gemma]",0.038095238095234824,0.03315276819164118,0.25052230770693296,0.021913055966376646,0.0821276485956116
original_10,"C(profession)[T.cashier]:C(model, Treatment(reference=""llama""))[T.gemma]",0.08095238095238315,0.03255538012733903,0.012896839431870364,0.023189888154273277,0.00048148961310628307
original_10,"C(profession)[T.chef]:C(model, Treatment(reference=""llama""))[T.gemma]",0.15396825396824412,0.03141890735339337,9.55946300343436e-07,0.021784977247110544,1.5759711924274516e-12
original_10,"C(profession)[T.civil engineer]:C(model, Treatment(reference=""llama""))[T.gemma]",0.0841269841269847,0.03305972912432244,0.010937268702650535,0.02235354406198761,0.00016756908885772376
original_10,"C(profession)[T.computer programmer]:C(model, Treatment(reference=""llama""))[T.gemma]",0.09365079365079612,0.0319134423833341,0.003340586702654902,0.023123847720694635,5.1225107229083175e-05
original_10,"C(profession)[T.construction worker]:C(model, Treatment(reference=""llama""))[T.gemma]",0.0634920634920659,0.03541313738770518,0.07298959516284237,0.03070371619153857,0.03864989065564084
original_10,"C(profession)[T.doctor]:C(model, Treatment(reference=""llama""))[T.gemma]",0.04285714285713894,0.03318433704478109,0.19653482916208875,0.021114600472669505,0.042383005064503314
original_10,"C(profession)[T.electrician]:C(model, Treatment(reference=""llama""))[T.gemma]",0.08730158730159354,0.0332491259383686,0.008647590232285125,0.024858845850631837,0.0004449284010776782
original_10,"C(profession)[T.elementary school teacher]:C(model, Treatment(reference=""llama""))[T.gemma]",0.13968253968253663,0.03208128976291633,1.336642187142573e-05,0.02169120503683993,1.1979402057800913e-10
original_10,"C(profession)[T.farmer]:C(model, Treatment(reference=""llama""))[T.gemma]",0.0920634920634934,0.037620576905498346,0.014398774208889424,0.027026495383409108,0.0006582175029395954
original_10,"C(profession)[T.flight attendant]:C(model, Treatment(reference=""llama""))[T.gemma]",0.1761904761904679,0.03186222897424989,3.206693767586841e-08,0.023132062511051984,2.602000486542198e-14
original_10,"C(profession)[T.hairdresser]:C(model, Treatment(reference=""llama""))[T.gemma]",0.16984126984126732,0.031094188371597723,4.703896499620658e-08,0.024148572714979534,2.0187798178841068e-12
original_10,"C(profession)[T.janitor]:C(model, Treatment(reference=""llama""))[T.gemma]",0.14126984126981246,0.03369368070659888,2.7556924578828265e-05,0.025879534185345388,4.795052347293225e-08
original_10,"C(profession)[T.journalist]:C(model, Treatment(reference=""llama""))[T.gemma]",0.21111111111111378,0.033811098022748974,4.269547428887521e-10,0.022785887935220323,1.950886087677889e-20
original_10,"C(profession)[T.lawyer]:C(model, Treatment(reference=""llama""))[T.gemma]",0.026984126984127096,0.033654392167718136,0.42266805106470606,0.02328502067951821,0.24651241680628322
original_10,"C(profession)[T.mechanic]:C(model, Treatment(reference=""llama""))[T.gemma]",0.10793650793650883,0.03331794775751604,0.001197014621424588,0.02493042702817127,1.4944217028961855e-05
original_10,"C(profession)[T.paramedic]:C(model, Treatment(reference=""llama""))[T.gemma]",0.16190476190475278,0.032713885138328666,7.455189787955e-07,0.022301272458531095,3.87408195021262e-13
original_10,"C(profession)[T.pharmacist]:C(model, Treatment(reference=""llama""))[T.gemma]",0.03333333333332269,0.032906966687367735,0.3110808298521932,0.02175333451986585,0.12544049725459144
original_10,"C(profession)[T.plumber]:C(model, Treatment(reference=""llama""))[T.gemma]",0.08730158730158971,0.0329173124013498,0.007998145303707129,0.025316440334303022,0.0005638873559508963
original_10,"C(profession)[T.police officer]:C(model, Treatment(reference=""llama""))[T.gemma]",-0.07619047619046075,0.0355684503510925,0.0321870222383521,0.02743965486342153,0.005492130987964362
original_10,"C(profession)[T.real estate agent]:C(model, Treatment(reference=""llama""))[T.gemma]",-0.017460317460328632,0.03359700654683883,0.6032736588203582,0.023560806366259273,0.4586481500309326
original_10,"C(profession)[T.registered nurse]:C(model, Treatment(reference=""llama""))[T.gemma]",0.11587301587299542,0.03224645175882621,0.0003264447327484039,0.02133963920698089,5.63721820226976e-08
original_10,"C(profession)[T.social worker]:C(model, Treatment(reference=""llama""))[T.gemma]",0.2761904761904619,0.03482845541133844,2.1910410116002832e-15,0.022772164937511007,7.467251291164857e-34
original_10,"C(profession)[T.truck driver]:C(model, Treatment(reference=""llama""))[T.gemma]",0.019047619047618713,0.034157488190550415,0.577089490019187,0.02700685324105886,0.4806308069770583
original_10,"C(profession)[T.veterinarian]:C(model, Treatment(reference=""llama""))[T.gemma]",0.07142857142856708,0.03215488271404302,0.026324480902983862,0.021223008593336607,0.0007637198011196701
original_10,"C(profession)[T.waiter]:C(model, Treatment(reference=""llama""))[T.gemma]",0.10952380952383528,0.03203871083693704,0.0006297109838753209,0.022369281219499576,9.772240447601103e-07
original_10,"C(profession)[T.administrative assistant]:C(model, Treatment(reference=""llama""))[T.ministral]",0.09047619047616164,0.023570401679394455,0.0001237624775657487,0.016334554503580345,3.043000888302289e-08
original_10,"C(profession)[T.architect]:C(model, Treatment(reference=""llama""))[T.ministral]",0.0873015873015722,0.024186753107845706,0.0003068121263556954,0.016632474009293657,1.530403388217437e-07
original_10,"C(profession)[T.bank teller]:C(model, Treatment(reference=""llama""))[T.ministral]",-0.026984126984156122,0.023676176069175645,0.2544044578149939,0.01788781862614444,0.13142156577944997
original_10,"C(profession)[T.business manager]:C(model, Treatment(reference=""llama""))[T.ministral]",0.03492063492060756,0.02469311174544641,0.15730751150989286,0.016995453242828144,0.03990755127510649
original_10,"C(profession)[T.cashier]:C(model, Treatment(reference=""llama""))[T.ministral]",0.033333333333307916,0.02367143268956519,0.15908158815818796,0.01699220387810107,0.04979929357218193
original_10,"C(profession)[T.chef]:C(model, Treatment(reference=""llama""))[T.ministral]",0.08095238095235485,0.023848787385261843,0.0006877855261283627,0.016941178967315493,1.7666182417817773e-06
original_10,"C(profession)[T.civil engineer]:C(model, Treatment(reference=""llama""))[T.ministral]",0.04126984126982151,0.02409967993502143,0.08681114020157571,0.016634162038848217,0.013100365120859322
original_10,"C(profession)[T.computer programmer]:C(model, Treatment(reference=""llama""))[T.ministral]",0.0984126984126766,0.024481726843841114,5.823693641241917e-05,0.017935785463307263,4.089405135154805e-08
original_10,"C(profession)[T.construction worker]:C(model, Treatment(reference=""llama""))[T.ministral]",-0.022222222222249996,0.02532167488676086,0.38016253708952974,0.018697332333652558,0.23462715631310693
original_10,"C(profession)[T.doctor]:C(model, Treatment(reference=""llama""))[T.ministral]",-1.885297473691594e-14,0.02559274063738149,0.9999999999994122,0.01656119535555428,0.9999999999990917
original_10,"C(profession)[T.electrician]:C(model, Treatment(reference=""llama""))[T.ministral]",0.017460317460293667,0.024588611088112975,0.47764352021170287,0.018355986597266113,0.3415000102814798
original_10,"C(profession)[T.elementary school teacher]:C(model, Treatment(reference=""llama""))[T.ministral]",0.02857142857140829,0.024617428917128974,0.24579732408664767,0.01611628509674113,0.07625693352379129
original_10,"C(profession)[T.farmer]:C(model, Treatment(reference=""llama""))[T.ministral]",-0.00317460317463001,0.024794934690067556,0.898121794850491,0.01676541635220116,0.8498151632757989
original_10,"C(profession)[T.flight attendant]:C(model, Treatment(reference=""llama""))[T.ministral]",0.0952380952380607,0.02408909630121351,7.69914962756617e-05,0.017250870070657922,3.375162998244113e-08
original_10,"C(profession)[T.hairdresser]:C(model, Treatment(reference=""llama""))[T.ministral]",0.0714285714285465,0.02321620812381266,0.0020932809988520196,0.017983572318483545,7.130796968924169e-05
original_10,"C(profession)[T.janitor]:C(model, Treatment(reference=""llama""))[T.ministral]",0.08095238095233194,0.02541227054837727,0.0014447279845755522,0.017355317125726293,3.0949801077832234e-06
original_10,"C(profession)[T.journalist]:C(model, Treatment(reference=""llama""))[T.ministral]",0.19047619047618036,0.02758812144819072,5.045771802003487e-12,0.019743758030597174,5.04113319047805e-22
original_10,"C(profession)[T.lawyer]:C(model, Treatment(reference=""llama""))[T.ministral]",0.03492063492061459,0.026206945242236653,0.18269744029160606,0.01852479335413834,0.059419639240362636
original_10,"C(profession)[T.mechanic]:C(model, Treatment(reference=""llama""))[T.ministral]",0.022222222222203332,0.02462518452217174,0.36683459421607445,0.017508708305929856,0.20436628632315068
original_10,"C(profession)[T.paramedic]:C(model, Treatment(reference=""llama""))[T.ministral]",0.0952380952380676,0.025379244569595494,0.00017501157836516333,0.018261519431998437,1.835854298887376e-07
original_10,"C(profession)[T.pharmacist]:C(model, Treatment(reference=""llama""))[T.ministral]",-0.0015873015873328414,0.02419401536868396,0.9476905572797754,0.0166855088138345,0.9242111347703307
original_10,"C(profession)[T.plumber]:C(model, Treatment(reference=""llama""))[T.ministral]",-0.023809523809540524,0.02371325827608947,0.31534990336850455,0.016933719231487756,0.15971159465356788
original_10,"C(profession)[T.police officer]:C(model, Treatment(reference=""llama""))[T.ministral]",-0.07619047619049053,0.02592139554297458,0.003289660350820945,0.019044699320232297,6.31785455983795e-05
original_10,"C(profession)[T.real estate agent]:C(model, Treatment(reference=""llama""))[T.ministral]",-0.0063492063492394946,0.02429941891194244,0.7938685227968034,0.017959929287714206,0.7236981307010937
original_10,"C(profession)[T.registered nurse]:C(model, Treatment(reference=""llama""))[T.ministral]",0.0301587301586733,0.02476877972432392,0.2233719626229843,0.01759583603413085,0.08653428714352093
original_10,"C(profession)[T.social worker]:C(model, Treatment(reference=""llama""))[T.ministral]",0.2809523809523495,0.02934310063804116,1.021199183011863e-21,0.020461023405444267,6.612093201609903e-43
original_10,"C(profession)[T.truck driver]:C(model, Treatment(reference=""llama""))[T.ministral]",-0.0365079365079507,0.024598958018302794,0.13777567640231303,0.016694705310297667,0.028757324623495194
original_10,"C(profession)[T.veterinarian]:C(model, Treatment(reference=""llama""))[T.ministral]",0.057142857142811476,0.02441579112786271,0.019262801380636387,0.016350131806347246,0.0004741544838242448
original_10,"C(profession)[T.waiter]:C(model, Treatment(reference=""llama""))[T.ministral]",0.06507936507933224,0.02320474802549172,0.0050383578146964356,0.01623910564268118,6.134648263576982e-05
original_10,"C(profession)[T.administrative assistant]:C(model, Treatment(reference=""llama""))[T.qwen]",0.0015873015872786,0.026167235452624026,0.9516300770904503,0.01839999346207217,0.9312546308865326
original_10,"C(profession)[T.architect]:C(model, Treatment(reference=""llama""))[T.qwen]",0.12857142857141265,0.027301968023087705,2.486462406745242e-06,0.02092198852643327,7.982375848949553e-10
original_10,"C(profession)[T.bank teller]:C(model, Treatment(reference=""llama""))[T.qwen]",-0.06190476190478564,0.026545104365631532,0.01969756305371536,0.02054893874482831,0.0025906040892828964
original_10,"C(profession)[T.business manager]:C(model, Treatment(reference=""llama""))[T.qwen]",0.07142857142855054,0.02779756632547294,0.01018165828055956,0.02087187150166503,0.00062107269717699
original_10,"C(profession)[T.cashier]:C(model, Treatment(reference=""llama""))[T.qwen]",-0.10000000000000751,0.026422368993007362,0.00015391143472726497,0.01851843317128484,6.663165262234177e-08
original_10,"C(profession)[T.chef]:C(model, Treatment(reference=""llama""))[T.qwen]",0.07460317460315333,0.026559280677841572,0.004970636978242105,0.02112605258459128,0.00041346731001411127
original_10,"C(profession)[T.civil engineer]:C(model, Treatment(reference=""llama""))[T.qwen]",0.09206349206347907,0.027551749754973525,0.0008333442226396216,0.02016388507387859,4.976841310006507e-06
original_10,"C(profession)[T.computer programmer]:C(model, Treatment(reference=""llama""))[T.qwen]",0.09682539682537986,0.026573716689604062,0.0002687959723161774,0.020131507443138626,1.5119885635712613e-06
original_10,"C(profession)[T.construction worker]:C(model, Treatment(reference=""llama""))[T.qwen]",-0.08730158730159748,0.028821634932762942,0.0024534058823023827,0.021947173610160076,6.955423679495995e-05
original_10,"C(profession)[T.doctor]:C(model, Treatment(reference=""llama""))[T.qwen]",0.21746031746029992,0.03003369737000339,4.4688745840149836e-13,0.022448319896185988,3.4192583442306336e-22
original_10,"C(profession)[T.electrician]:C(model, Treatment(reference=""llama""))[T.qwen]",-0.011111111111127704,0.02682929015938241,0.6787707916366763,0.0220282183631763,0.6139778376673162
original_10,"C(profession)[T.elementary school teacher]:C(model, Treatment(reference=""llama""))[T.qwen]",0.10952380952379252,0.027793598651542448,8.127373511403026e-05,0.022614100946532788,1.2778744632639292e-06
original_10,"C(profession)[T.farmer]:C(model, Treatment(reference=""llama""))[T.qwen]",-0.060317460317471545,0.02918512665507446,0.03876062509744134,0.022845263099505828,0.008284216724768943
original_10,"C(profession)[T.flight attendant]:C(model, Treatment(reference=""llama""))[T.qwen]",0.06507936507934148,0.02618557242016197,0.01294372726860142,0.0205702431329825,0.0015574379972363214
original_10,"C(profession)[T.hairdresser]:C(model, Treatment(reference=""llama""))[T.qwen]",-0.03650793650795324,0.02606953401122786,0.16139172080058473,0.019339495012545723,0.05906087615341629
original_10,"C(profession)[T.janitor]:C(model, Treatment(reference=""llama""))[T.qwen]",-0.07777777777784553,0.027817974265331676,0.005174675725925486,0.020970691562016756,0.00020817808338054522
original_10,"C(profession)[T.journalist]:C(model, Treatment(reference=""llama""))[T.qwen]",0.3111111111111211,0.03027153396929555,8.914613880314012e-25,0.022040663602893116,3.056075003630729e-45
original_10,"C(profession)[T.lawyer]:C(model, Treatment(reference=""llama""))[T.qwen]",0.24761904761902945,0.030403814965210343,3.8135198183623105e-16,0.020733752313895813,7.07994007487045e-33
original_10,"C(profession)[T.mechanic]:C(model, Treatment(reference=""llama""))[T.qwen]",-0.06031746031746915,0.02746113677247501,0.02805858773757109,0.02177631589631458,0.005607949082018112
original_10,"C(profession)[T.paramedic]:C(model, Treatment(reference=""llama""))[T.qwen]",0.12539682539679708,0.02829250658297146,9.329513045418345e-06,0.022491055319366182,2.46949404594057e-08
original_10,"C(profession)[T.pharmacist]:C(model, Treatment(reference=""llama""))[T.qwen]",0.012698412698387134,0.027119684277262825,0.6396158248769979,0.020167922822162017,0.5289339829624862
original_10,"C(profession)[T.plumber]:C(model, Treatment(reference=""llama""))[T.qwen]",-0.095238095238112,0.026834763708143326,0.00038661397039192963,0.020072238174864556,2.0874637416261293e-06
original_10,"C(profession)[T.police officer]:C(model, Treatment(reference=""llama""))[T.qwen]",0.2492063492063435,0.031485633074374485,2.474069325928592e-15,0.025356720273298668,8.527905349996624e-23
original_10,"C(profession)[T.real estate agent]:C(model, Treatment(reference=""llama""))[T.qwen]",-0.015873015873049585,0.02796925366516637,0.5703632485812233,0.02016063572380791,0.4310903800722703
original_10,"C(profession)[T.registered nurse]:C(model, Treatment(reference=""llama""))[T.qwen]",0.1095238095237731,0.02799393107849475,9.137860253835195e-05,0.02220556837402016,8.128038125122425e-07
original_10,"C(profession)[T.social worker]:C(model, Treatment(reference=""llama""))[T.qwen]",0.33492063492060975,0.03170158989399735,4.3393954368156625e-26,0.021715976161637004,1.150507726868787e-53
original_10,"C(profession)[T.truck driver]:C(model, Treatment(reference=""llama""))[T.qwen]",-0.19365079365080098,0.027687118036212547,2.6667009169153064e-12,0.021251628787402776,8.066848182776641e-20
original_10,"C(profession)[T.veterinarian]:C(model, Treatment(reference=""llama""))[T.qwen]",0.03968253968250412,0.026842208139849486,0.1393105204091496,0.01934655926314265,0.04025312311732954
original_10,"C(profession)[T.waiter]:C(model, Treatment(reference=""llama""))[T.qwen]",-0.03650793650792867,0.026105351907229606,0.16196754931765167,0.01929302923599765,0.05845283425172487
original_10,"C(country)[T.China]:C(model, Treatment(reference=""llama""))[T.gemma]",0.020634920634602736,0.0169992698305124,0.22479698929814385,0.012337585637111133,0.094420838853918
original_10,"C(country)[T.Egypt]:C(model, Treatment(reference=""llama""))[T.gemma]",-0.0656084656086765,0.021423626241039745,0.0021954405551570465,0.01092544307684801,1.9120458876681302e-09
original_10,"C(country)[T.France]:C(model, Treatment(reference=""llama""))[T.gemma]",0.0015873015870333802,0.017371034800221147,0.9271935608037082,0.010561889649203097,0.8805391692043131
original_10,"C(country)[T.Germany]:C(model, Treatment(reference=""llama""))[T.gemma]",-0.07460317460332198,0.01738253017390738,1.7719235814273413e-05,0.012012910145745001,5.290039126966463e-10
original_10,"C(country)[T.India]:C(model, Treatment(reference=""llama""))[T.gemma]",-0.04497354497383459,0.018637571418591473,0.01581929230130549,0.011173033678268818,5.693016422169493e-05
original_10,"C(country)[T.Japan]:C(model, Treatment(reference=""llama""))[T.gemma]",-0.10846560846586863,0.01587364520632473,8.312076809915303e-12,0.01118511733653661,3.0953636325657026e-22
original_10,"C(country)[T.Kenya]:C(model, Treatment(reference=""llama""))[T.gemma]",-0.07936507936540617,0.019082478023360206,3.195666782983528e-05,0.01365921607556035,6.233546493954041e-09
original_10,"C(country)[T.Mexico]:C(model, Treatment(reference=""llama""))[T.gemma]",0.1285714285710819,0.018082229700926176,1.157283280502977e-12,0.011927503588955595,4.3064796960748394e-27
original_10,"C(country)[T.USA]:C(model, Treatment(reference=""llama""))[T.gemma]",-0.22380952380991356,0.020015397255055085,5.002593482634842e-29,0.018415127521646323,5.4914895578109256e-34
original_10,"C(country)[T.China]:C(model, Treatment(reference=""llama""))[T.ministral]",0.043386243386098935,0.013343842583271443,0.0011483593730262037,0.010069169654872033,1.641275956112228e-05
original_10,"C(country)[T.Egypt]:C(model, Treatment(reference=""llama""))[T.ministral]",0.025396825396697877,0.016709261494843336,0.12852980957246765,0.011360866903275715,0.025386807694272272
original_10,"C(country)[T.France]:C(model, Treatment(reference=""llama""))[T.ministral]",0.005291005290774649,0.014244161153948536,0.7103017823810422,0.010092627406851304,0.6001084325825056
original_10,"C(country)[T.Germany]:C(model, Treatment(reference=""llama""))[T.ministral]",-0.0068783068785097,0.013864034294605422,0.6198055672368489,0.009596848746853308,0.4735434457914087
original_10,"C(country)[T.India]:C(model, Treatment(reference=""llama""))[T.ministral]",-0.04867724867748403,0.014242096576850969,0.0006311952855845001,0.010569299995749456,4.114128368422829e-06
original_10,"C(country)[T.Japan]:C(model, Treatment(reference=""llama""))[T.ministral]",0.00952380952367229,0.01244253011382689,0.44401918494614057,0.010453092800610903,0.3622428541408179
original_10,"C(country)[T.Kenya]:C(model, Treatment(reference=""llama""))[T.ministral]",-0.038624338624646135,0.013823440094674745,0.0052041300851937864,0.011302814004622073,0.0006326132596923704
original_10,"C(country)[T.Mexico]:C(model, Treatment(reference=""llama""))[T.ministral]",0.11375661375644963,0.014904553707897365,2.3053140156199596e-14,0.010906236494617614,1.8009283591714198e-25
original_10,"C(country)[T.USA]:C(model, Treatment(reference=""llama""))[T.ministral]",-0.005820105820382171,0.014681122677815158,0.6917844040072463,0.011111631249781751,0.6004280846091662
original_10,"C(country)[T.China]:C(model, Treatment(reference=""llama""))[T.qwen]",0.07619047618992399,0.014915353006588375,3.2525729337527325e-07,0.012518824459091572,1.1571389137793391e-09
original_10,"C(country)[T.Egypt]:C(model, Treatment(reference=""llama""))[T.qwen]",0.030158730158406012,0.017994577028860193,0.0937401622198489,0.01428542656996338,0.03475910901232696
original_10,"C(country)[T.France]:C(model, Treatment(reference=""llama""))[T.qwen]",0.09894179894132625,0.01578344951003884,3.6406160535910516e-10,0.012224588568649502,5.789288866896762e-16
original_10,"C(country)[T.Germany]:C(model, Treatment(reference=""llama""))[T.qwen]",0.06137566137523926,0.015467771247550943,7.248727725940065e-05,0.011585938982128395,1.174460893753412e-07
original_10,"C(country)[T.India]:C(model, Treatment(reference=""llama""))[T.qwen]",0.07037037036987111,0.01628791660205268,1.5574421987060455e-05,0.011860060423902108,2.967418531053196e-09
original_10,"C(country)[T.Japan]:C(model, Treatment(reference=""llama""))[T.qwen]",0.09417989417943554,0.013958461460665043,1.507728454839962e-11,0.012677844205711069,1.0967062537481805e-13
original_10,"C(country)[T.Kenya]:C(model, Treatment(reference=""llama""))[T.qwen]",-0.023280423280957824,0.015349555189939846,0.1293465102308558,0.012553333015554996,0.06366461780691783
original_10,"C(country)[T.Mexico]:C(model, Treatment(reference=""llama""))[T.qwen]",0.1264550264546359,0.015743109865992647,9.55806357776241e-16,0.012051260824616682,9.293321844395324e-26
original_10,"C(country)[T.USA]:C(model, Treatment(reference=""llama""))[T.qwen]",0.04973544973452488,0.016212418021971875,0.00215685679661853,0.012318220476789066,5.4011986749065576e-05
original_10,"C(gender)[T.male]:C(model, Treatment(reference=""llama""))[T.gemma]",-0.04603174603174955,0.010948076767972343,2.616010645007168e-05,0.00748210332291281,7.639288651489358e-10
original_10,"C(gender)[T.neutral]:C(model, Treatment(reference=""llama""))[T.gemma]",0.3701587301587308,0.009954985287385037,1.272773466739548e-302,0.006732343107607641,0.0
original_10,"C(gender)[T.male]:C(model, Treatment(reference=""llama""))[T.ministral]",-0.055873015872997506,0.008065605551988892,4.288932660954811e-12,0.0053282007638575475,9.988174279855199e-26
original_10,"C(gender)[T.neutral]:C(model, Treatment(reference=""llama""))[T.ministral]",0.29650793650798063,0.008146334487167256,4.62699171344372e-290,0.005734878354222909,0.0
original_10,"C(gender)[T.male]:C(model, Treatment(reference=""llama""))[T.qwen]",-0.10396825396824413,0.009418358161150988,2.4806873067981596e-28,0.00711418097755284,2.27927458136053e-48
original_10,"C(gender)[T.neutral]:C(model, Treatment(reference=""llama""))[T.qwen]",0.17666666666668332,0.008924929529381972,3.3044756438459318e-87,0.006893452823512374,7.403626208483475e-145
original_10,"C(age)[T.45]:C(model, Treatment(reference=""llama""))[T.gemma]",-0.035555555555555896,0.010594613539037831,0.0007907769113738947,0.007185448922490407,7.487523695939956e-07
original_10,"C(age)[T.65]:C(model, Treatment(reference=""llama""))[T.gemma]",-0.1522222222222255,0.010648169861211672,2.3301111251708824e-46,0.007584616393317838,1.3537350028310495e-89
original_10,"C(age)[T.45]:C(model, Treatment(reference=""llama""))[T.ministral]",-0.08412698412698862,0.008153417802960285,5.842608448478054e-25,0.005790283904810064,7.938079738558728e-48
original_10,"C(age)[T.65]:C(model, Treatment(reference=""llama""))[T.ministral]",-0.19571428571429164,0.008146834286414547,1.5856431177475792e-127,0.005604204924683677,3.356839239839043e-267
original_10,"C(age)[T.45]:C(model, Treatment(reference=""llama""))[T.qwen]",-0.0420634920634891,0.009066622357759277,3.4945865708943357e-06,0.007182744168708295,4.736152988653958e-09
original_10,"C(age)[T.65]:C(model, Treatment(reference=""llama""))[T.qwen]",-0.14904761904761538,0.00914408146419817,9.885274179246368e-60,0.0069970910435744075,1.1025125020266501e-100
added_10,Intercept,4.161798941798577,0.0179286435299995,0.0,0.011456771984884501,0.0
added_10,C(topic)[T.economic redistribution],-0.002592592592555987,0.004416235915321697,0.5571638462793995,0.0009800829257361784,0.008162363237238348
added_10,C(topic)[T.gender equality],0.386666666666734,0.008351534362414969,0.0,0.009385902579386598,0.0
added_10,C(topic)[T.immigration],-0.10962962962958477,0.006002681470161746,1.6176216318023077e-74,0.006067079499657732,5.5324857031632096e-73
added_10,C(topic)[T.lgbtq rights],-0.06999999999998517,0.00946910683722885,1.4413612731157461e-13,0.007987830389015068,1.8956435934993953e-18
added_10,C(topic)[T.religion and secularism],-0.9977777777776872,0.012361136690181119,0.0,0.013332344423433213,0.0
added_10,C(topic)[T.trust in government],-1.0014814814814834,0.009078629659268707,0.0,0.009966537959370457,0.0
added_10,C(profession)[T.administrative assistant],-0.033333333333319504,0.020436841008806696,0.10288158869838276,0.013470057267878631,0.013337633563411076
added_10,C(profession)[T.architect],-0.017460317460307746,0.021086067162352513,0.4076421963020759,0.013466304752355461,0.19477123713744304
added_10,C(profession)[T.bank teller],-0.014285714285703278,0.020820902050497567,0.49263510896277596,0.013579394054272689,0.2927930714533634
added_10,C(profession)[T.business manager],0.009523809523817352,0.021621243698834863,0.6595866779888748,0.014187389724878926,0.5020377488730927
added_10,C(profession)[T.cashier],-0.058730158730151236,0.020556912197971983,0.004277274148854267,0.01293498467288619,5.6144427326070986e-06
added_10,C(profession)[T.chef],0.011111111111123204,0.020153354603461165,0.5814087650829046,0.013226264430509681,0.4008639192538018
added_10,C(profession)[T.civil engineer],0.006349206349213896,0.021193751131323317,0.7644981756052114,0.012980128106912148,0.6247367765991203
added_10,C(profession)[T.computer programmer],-0.061904761904747564,0.021312695510066388,0.0036772786675100103,0.013780534794947596,7.049493707237938e-06
added_10,C(profession)[T.construction worker],-0.044444444444438985,0.0216175123554809,0.039787693033992974,0.013747896500829516,0.0012257571536441714
added_10,C(profession)[T.doctor],0.06349206349207481,0.022054340370924443,0.003990750060222546,0.012827889263984735,7.439169676944018e-07
added_10,C(profession)[T.electrician],-0.058730158730153866,0.02153565124451021,0.006389111664267358,0.013588626451465562,1.5461524612316814e-05
added_10,C(profession)[T.elementary school teacher],0.026984126984135912,0.021179950458613258,0.20264885734477878,0.012345758851648448,0.028837549859596162
added_10,C(profession)[T.farmer],-0.04920634920634332,0.021594645360357226,0.022688676595137996,0.01511561010265547,0.0011325935585184482
added_10,C(profession)[T.flight attendant],0.006349206349218561,0.020637019581704847,0.7583402887637428,0.013464984174103106,0.6372589949153857
added_10,C(profession)[T.hairdresser],-0.03650793650793271,0.020296652453083937,0.07206343734886288,0.01352047584977768,0.00692986106078169
added_10,C(profession)[T.janitor],-0.1936507936507484,0.02254767451276415,8.810897374030647e-18,0.014068810954394695,4.164931697986673e-43
added_10,C(profession)[T.journalist],-0.16190476190476044,0.02578092278591564,3.38525154286121e-10,0.015795111106243966,1.1796639941701688e-24
added_10,C(profession)[T.lawyer],-0.01904761904761672,0.024238425418937226,0.4319589372023911,0.016125955187785267,0.23753212857128825
added_10,C(profession)[T.mechanic],-0.08571428571428079,0.021434593519189752,6.364395958898825e-05,0.01301325362848586,4.4973569682212874e-11
added_10,C(profession)[T.paramedic],-0.061904761904750825,0.023074720196311578,0.007300955914856158,0.015218414723919374,4.746852757178322e-05
added_10,C(profession)[T.pharmacist],0.03650793650795091,0.02103280845724936,0.08260603645351282,0.012482443645954794,0.003447410854583059
added_10,C(profession)[T.plumber],-0.028571428571424265,0.020277635861993732,0.15883167364589257,0.012831609664388913,0.025971065917121894
added_10,C(profession)[T.police officer],-4.107572219209766e-15,0.023121473991668827,0.9999999999998582,0.01457468079352256,0.9999999999997752
added_10,C(profession)[T.real estate agent],0.019047619047631397,0.020434198409738515,0.35126202035939846,0.012917390311617101,0.14032771017020138
added_10,C(profession)[T.registered nurse],0.03174603174605404,0.021247665954886787,0.13515078720926155,0.013304789501944962,0.01702995249628684
added_10,C(profession)[T.social worker],-0.15079365079362295,0.02603833378646883,6.9878071221963685e-09,0.01661189816323226,1.1114974878770677e-19
added_10,C(profession)[T.truck driver],-0.046031746031746056,0.020695033523208402,0.02612897184397201,0.01370111597820995,0.0007802495248619199
added_10,C(profession)[T.veterinarian],0.02380952380954767,0.020879996709700817,0.25416007002629215,0.013130316867189143,0.06978180380460587
added_10,C(profession)[T.waiter],-0.06031746031749683,0.02077807183033632,0.0036967947256567246,0.013962904804386502,1.5614512344228668e-05
added_10,C(country)[T.Canada],0.05873015873037367,0.01284230427473848,4.803789568863642e-06,0.007859104106767894,7.845711360543738e-14
added_10,C(country)[T.Italy],0.07830687830695068,0.011887632042830129,4.4802870131556755e-11,0.007023745011644701,7.251471109966389e-29
added_10,C(country)[T.Morocco],-0.0037037037035958465,0.012818510269114954,0.7726318692077737,0.007843700314187423,0.6367923732010912
added_10,C(country)[T.Nigeria],-0.020634920634879497,0.013568607306352905,0.12831405565647339,0.009013847847767013,0.022065027806694764
added_10,C(country)[T.Pakistan],-0.06031746031734042,0.0142628235825202,2.347338537761039e-05,0.008702694840771836,4.181876718734172e-12
added_10,C(country)[T.Poland],-0.05291005290997189,0.011393957971999272,3.4223453033362703e-06,0.007426306939535659,1.0432355081695873e-12
added_10,C(country)[T.South Africa],-0.02645502645490533,0.011092569687459709,0.017082269990894832,0.007610829055242902,0.0005090059840753834
added_10,C(country)[T.South Korea],-0.016402116401997745,0.010953833003103012,0.1342928438337073,0.007372085273396628,0.026088281045559093
added_10,C(country)[T.Turkey],-0.08201058201041998,0.012969356189115095,2.558500049627218e-10,0.008830356548831892,1.5818241787582883e-20
added_10,C(gender)[T.male],-0.10396825396827378,0.006908836358159332,3.526646801481127e-51,0.004378405108476906,1.2173510944492553e-124
added_10,C(gender)[T.neutral],-0.32793650793653123,0.006815860799897955,0.0,0.004592021054736999,0.0
added_10,C(age)[T.45],0.01730158730159313,0.007005212625497898,0.013518250662637269,0.004615776283989725,0.00017799524531571866
added_10,C(age)[T.65],0.06936507936507667,0.007014587178383251,4.660860434187273e-23,0.0046977620796602535,2.442913168321935e-49
added_10,"C(model, Treatment(reference=""llama""))[T.gemma]",-0.050105820105198755,0.028705210013237482,0.08089256498498389,0.016901015624414917,0.003030144110533249
added_10,"C(model, Treatment(reference=""llama""))[T.ministral]",-0.04513227513173208,0.02163264516415841,0.036951090412727705,0.014886206602197423,0.0024308539730999064
added_10,"C(model, Treatment(reference=""llama""))[T.qwen]",-0.32259259259189865,0.02475682115530579,8.211874323680014e-39,0.018260200843298546,7.605821976002862e-70
added_10,"C(topic)[T.economic redistribution]:C(model, Treatment(reference=""llama""))[T.gemma]",-0.25444444444445846,0.010022649034839699,3.514900325612146e-142,0.008825943903444964,9.251653448128348e-183
added_10,"C(topic)[T.gender equality]:C(model, Treatment(reference=""llama""))[T.gemma]",0.5333333333332813,0.010550541719172073,0.0,0.010775780392281541,0.0
added_10,"C(topic)[T.immigration]:C(model, Treatment(reference=""llama""))[T.gemma]",0.10370370370368756,0.00923802827883063,3.0482380047569844e-29,0.0087536800074512,2.2338094063636938e-32
added_10,"C(topic)[T.lgbtq rights]:C(model, Treatment(reference=""llama""))[T.gemma]",-0.18111111111113204,0.020700002849252046,2.1462730118223676e-18,0.016473240628279068,4.072345054755396e-28
added_10,"C(topic)[T.religion and secularism]:C(model, Treatment(reference=""llama""))[T.gemma]",0.20444444444443546,0.016981547289654328,2.210576331737565e-33,0.010340201523995193,5.207936062732588e-87
added_10,"C(topic)[T.trust in government]:C(model, Treatment(reference=""llama""))[T.gemma]",-0.910000000000017,0.012530901312059046,0.0,0.010821200848923528,0.0
added_10,"C(topic)[T.economic redistribution]:C(model, Treatment(reference=""llama""))[T.ministral]",-0.9203703703703661,0.006661164881069245,0.0,0.005270159489190788,0.0
added_10,"C(topic)[T.gender equality]:C(model, Treatment(reference=""llama""))[T.ministral]",-0.3225925925925851,0.009576474185174048,9.28552444172412e-249,0.011348030712504202,9.33052769269033e-178
added_10,"C(topic)[T.immigration]:C(model, Treatment(reference=""llama""))[T.ministral]",-0.6274074074074402,0.010130863799147766,0.0,0.009450555761465527,0.0
added_10,"C(topic)[T.lgbtq rights]:C(model, Treatment(reference=""llama""))[T.ministral]",-0.4503703703703461,0.01389572076241694,1.938328418193682e-230,0.010401245615911676,0.0
added_10,"C(topic)[T.religion and secularism]:C(model, Treatment(reference=""llama""))[T.ministral]",0.051481481481472205,0.013404584338926974,0.00012274012205549327,0.013186339617255271,9.455612580541534e-05
added_10,"C(topic)[T.trust in government]:C(model, Treatment(reference=""llama""))[T.ministral]",0.06111111111110194,0.010289959907715703,2.8692921450334794e-09,0.01064033833976022,9.282551199225827e-09
added_10,"C(topic)[T.economic redistribution]:C(model, Treatment(reference=""llama""))[T.qwen]",-0.501481481481484,0.010797104532563212,0.0,0.009973437662337749,0.0
added_10,"C(topic)[T.gender equality]:C(model, Treatment(reference=""llama""))[T.qwen]",0.012962962962970474,0.012352077725753278,0.29396826313515745,0.01350948254076431,0.33728401760552573
added_10,"C(topic)[T.immigration]:C(model, Treatment(reference=""llama""))[T.qwen]",-0.525185185185218,0.010506789739204126,0.0,0.011666450674034134,0.0
added_10,"C(topic)[T.lgbtq rights]:C(model, Treatment(reference=""llama""))[T.qwen]",-0.0007407407407452187,0.014810249348099038,0.9601101057362451,0.012019097323099914,0.9508572358247315
added_10,"C(topic)[T.religion and secularism]:C(model, Treatment(reference=""llama""))[T.qwen]",0.41518518518518743,0.01601669109666875,3.759722464032412e-148,0.014582194581729728,2.5985993131741585e-178
added_10,"C(topic)[T.trust in government]:C(model, Treatment(reference=""llama""))[T.qwen]",0.3070370370370224,0.011978247895552784,6.56194871138043e-145,0.013570043147779667,2.3995223856607963e-113
added_10,"C(profession)[T.administrative assistant]:C(model, Treatment(reference=""llama""))[T.gemma]",0.08888888888886119,0.03310064479764373,0.007244031623678467,0.020532812241934886,1.4971029493799841e-05
added_10,"C(profession)[T.architect]:C(model, Treatment(reference=""llama""))[T.gemma]",0.1253968253968024,0.033431135764464256,0.0001762014251446049,0.018961376556269807,3.759054526654195e-11
added_10,"C(profession)[T.bank teller]:C(model, Treatment(reference=""llama""))[T.gemma]",0.04603174603172383,0.033814227136514004,0.17341480538026344,0.020830085595733867,0.027114303225780633
added_10,"C(profession)[T.business manager]:C(model, Treatment(reference=""llama""))[T.gemma]",0.030158730158708433,0.03407491985303835,0.3761182320818617,0.019848770797483064,0.12865540625341015
added_10,"C(profession)[T.cashier]:C(model, Treatment(reference=""llama""))[T.gemma]",0.08095238095236561,0.034118252877846235,0.017658596755874872,0.01852333825073975,1.2408099024643661e-05
added_10,"C(profession)[T.chef]:C(model, Treatment(reference=""llama""))[T.gemma]",0.12539682539679764,0.033174553536176744,0.00015688508097107688,0.020910760339600404,2.0129236987734736e-09
added_10,"C(profession)[T.civil engineer]:C(model, Treatment(reference=""llama""))[T.gemma]",0.07301587301585503,0.034061471723469246,0.0320609432708963,0.018963202757496824,0.00011792616088523124
added_10,"C(profession)[T.computer programmer]:C(model, Treatment(reference=""llama""))[T.gemma]",0.10952380952379334,0.03347076243477591,0.0010670525372221268,0.0193811207748666,1.594646138588481e-08
added_10,"C(profession)[T.construction worker]:C(model, Treatment(reference=""llama""))[T.gemma]",0.009523809523793754,0.03553674283445948,0.7887001322072834,0.020136809726676287,0.6362451185578748
added_10,"C(profession)[T.doctor]:C(model, Treatment(reference=""llama""))[T.gemma]",0.07142857142854966,0.034412557563977306,0.03792593992145245,0.018932874896021027,0.00016147283402413737
added_10,"C(profession)[T.electrician]:C(model, Treatment(reference=""llama""))[T.gemma]",0.09365079365078124,0.034262576862120954,0.006269823304822757,0.018875792049692648,6.997851851717048e-07
added_10,"C(profession)[T.elementary school teacher]:C(model, Treatment(reference=""llama""))[T.gemma]",0.12539682539680377,0.033710462025447356,0.00019936540643196595,0.019536331683059835,1.3749040518648635e-10
added_10,"C(profession)[T.farmer]:C(model, Treatment(reference=""llama""))[T.gemma]",0.07142857142855355,0.03938479145319866,0.06973810351376888,0.023823129941912984,0.002715022155696065
added_10,"C(profession)[T.flight attendant]:C(model, Treatment(reference=""llama""))[T.gemma]",0.16984126984124293,0.03309432475759424,2.866244841641945e-07,0.02083898004590371,3.634072864499774e-16
added_10,"C(profession)[T.hairdresser]:C(model, Treatment(reference=""llama""))[T.gemma]",0.13492063492061385,0.03310061241102115,4.580191716731493e-05,0.019575910287504144,5.494502011284309e-12
added_10,"C(profession)[T.janitor]:C(model, Treatment(reference=""llama""))[T.gemma]",0.19047619047614484,0.03518701797234474,6.189034082379714e-08,0.019325410422556286,6.440639236026766e-23
added_10,"C(profession)[T.journalist]:C(model, Treatment(reference=""llama""))[T.gemma]",0.27301587301585717,0.0364754883663271,7.159430879235425e-14,0.024009013699607132,5.805520389522778e-30
added_10,"C(profession)[T.lawyer]:C(model, Treatment(reference=""llama""))[T.gemma]",0.09206349206347438,0.035461216270342856,0.009426827967931605,0.02078591646933433,9.461470237223822e-06
added_10,"C(profession)[T.mechanic]:C(model, Treatment(reference=""llama""))[T.gemma]",0.07460317460315725,0.034718874078275716,0.0316519523535375,0.020356980582306904,0.000247583626254523
added_10,"C(profession)[T.paramedic]:C(model, Treatment(reference=""llama""))[T.gemma]",0.17301587301584473,0.034323015560861744,4.635603896359887e-07,0.018791461376623835,3.348870006070466e-20
added_10,"C(profession)[T.pharmacist]:C(model, Treatment(reference=""llama""))[T.gemma]",0.03333333333330442,0.03336117776543141,0.3177145912653351,0.018207996647397567,0.06714571144401851
added_10,"C(profession)[T.plumber]:C(model, Treatment(reference=""llama""))[T.gemma]",0.046031746031729937,0.03395925526246365,0.17525853807576153,0.018065053489873077,0.010830826917172572
added_10,"C(profession)[T.police officer]:C(model, Treatment(reference=""llama""))[T.gemma]",-0.06507936507936825,0.03714000303651082,0.07972715157391615,0.022811278334406253,0.004331586317797798
added_10,"C(profession)[T.real estate agent]:C(model, Treatment(reference=""llama""))[T.gemma]",-0.004761904761933793,0.03435401612759785,0.889756164937069,0.02038179210951285,0.8152681721278537
added_10,"C(profession)[T.registered nurse]:C(model, Treatment(reference=""llama""))[T.gemma]",0.1253968253967869,0.033440642112914934,0.00017695233076183887,0.020591846668012864,1.1316856551549227e-09
added_10,"C(profession)[T.social worker]:C(model, Treatment(reference=""llama""))[T.gemma]",0.30158730158726904,0.03635491465532364,1.0800171267181386e-16,0.020937016631203613,4.847984164571896e-47
added_10,"C(profession)[T.truck driver]:C(model, Treatment(reference=""llama""))[T.gemma]",-0.025396825396844316,0.035173987416200626,0.47027338936378116,0.02154037690026197,0.23838484710196206
added_10,"C(profession)[T.veterinarian]:C(model, Treatment(reference=""llama""))[T.gemma]",0.06507936507933688,0.03303872846952541,0.048862414926172736,0.018100197067788943,0.0003237618086571514
added_10,"C(profession)[T.waiter]:C(model, Treatment(reference=""llama""))[T.gemma]",0.08888888888889515,0.03392573348763007,0.008790341943007892,0.019470781400473758,4.989111431677423e-06
added_10,"C(profession)[T.administrative assistant]:C(model, Treatment(reference=""llama""))[T.ministral]",0.06349206349201864,0.024384753489990325,0.00922071043789636,0.016306998236365642,9.878906580525623e-05
added_10,"C(profession)[T.architect]:C(model, Treatment(reference=""llama""))[T.ministral]",0.07460317460313375,0.02530140054314075,0.0031923868656940873,0.01660546850154426,7.033007249007911e-06
added_10,"C(profession)[T.bank teller]:C(model, Treatment(reference=""llama""))[T.ministral]",-0.015873015873060566,0.024897118402152692,0.5237703651419077,0.01578046274061757,0.3144804926759046
added_10,"C(profession)[T.business manager]:C(model, Treatment(reference=""llama""))[T.ministral]",0.020634920634877395,0.025757599564399894,0.42306234803277265,0.017022441183470353,0.22542869505446206
added_10,"C(profession)[T.cashier]:C(model, Treatment(reference=""llama""))[T.ministral]",0.015873015872975627,0.024704160212818,0.520533010480869,0.016776380382633717,0.34407075979277424
added_10,"C(profession)[T.chef]:C(model, Treatment(reference=""llama""))[T.ministral]",0.03968253968249831,0.024409327201406452,0.10401090522068368,0.016610652998039387,0.01689516148967497
added_10,"C(profession)[T.civil engineer]:C(model, Treatment(reference=""llama""))[T.ministral]",0.02222222222218622,0.025020260860076176,0.37444980497286506,0.01629201161357442,0.17256914239144905
added_10,"C(profession)[T.computer programmer]:C(model, Treatment(reference=""llama""))[T.ministral]",0.09841269841266029,0.025825241228736612,0.00013856404611683925,0.016631093448891767,3.2708660507313404e-09
added_10,"C(profession)[T.construction worker]:C(model, Treatment(reference=""llama""))[T.ministral]",-0.03968253968258315,0.02586529888612678,0.12498047541963304,0.01678346394075574,0.018060122605357828
added_10,"C(profession)[T.doctor]:C(model, Treatment(reference=""llama""))[T.ministral]",-0.003174603174638177,0.02619961900171621,0.9035565264067572,0.016491905241146167,0.8473547749777066
added_10,"C(profession)[T.electrician]:C(model, Treatment(reference=""llama""))[T.ministral]",0.020634920634880996,0.0252678902495374,0.4141307787728773,0.016465608966843223,0.21012808024739393
added_10,"C(profession)[T.elementary school teacher]:C(model, Treatment(reference=""llama""))[T.ministral]",0.014285714285677577,0.02558720773921642,0.5766295067579903,0.015563382739162501,0.3586683530411455
added_10,"C(profession)[T.farmer]:C(model, Treatment(reference=""llama""))[T.ministral]",-0.0206349206349632,0.025825578499000027,0.42428404868509795,0.016943414406360168,0.22327237924125676
added_10,"C(profession)[T.flight attendant]:C(model, Treatment(reference=""llama""))[T.ministral]",0.06190476190471098,0.02514013524396465,0.013801535416340197,0.016548444951305454,0.00018342049578872833
added_10,"C(profession)[T.hairdresser]:C(model, Treatment(reference=""llama""))[T.ministral]",0.04761904761900683,0.02428456017355465,0.049893314710655084,0.017003186801937843,0.005100841979812459
added_10,"C(profession)[T.janitor]:C(model, Treatment(reference=""llama""))[T.ministral]",0.08888888888882551,0.026975253548567706,0.0009835122138075005,0.017722686636103893,5.288401929929159e-07
added_10,"C(profession)[T.journalist]:C(model, Treatment(reference=""llama""))[T.ministral]",0.22222222222219667,0.03030541270631213,2.2546581146352306e-13,0.02113089567010648,7.254821389898269e-26
added_10,"C(profession)[T.lawyer]:C(model, Treatment(reference=""llama""))[T.ministral]",0.057142857142821954,0.028084297482890583,0.04188201086986196,0.019065596654880463,0.002724976378262873
added_10,"C(profession)[T.mechanic]:C(model, Treatment(reference=""llama""))[T.ministral]",0.014285714285679457,0.025569667991185985,0.5763680602608242,0.016540129095285,0.38775255464305125
added_10,"C(profession)[T.paramedic]:C(model, Treatment(reference=""llama""))[T.ministral]",0.09841269841265485,0.026615641567659297,0.00021768928999425194,0.01763533648773626,2.3992957687895082e-08
added_10,"C(profession)[T.pharmacist]:C(model, Treatment(reference=""llama""))[T.ministral]",0.004761904761857644,0.02498729594174175,0.8488601198800356,0.01577868338116761,0.762809453431597
added_10,"C(profession)[T.plumber]:C(model, Treatment(reference=""llama""))[T.ministral]",-0.031746031746064836,0.02438577010431405,0.1929758428735362,0.015587598660149748,0.041688030419641295
added_10,"C(profession)[T.police officer]:C(model, Treatment(reference=""llama""))[T.ministral]",-0.057142857142888595,0.026594048981342086,0.03165752029879033,0.017591339154432877,0.001160756828636304
added_10,"C(profession)[T.real estate agent]:C(model, Treatment(reference=""llama""))[T.ministral]",-0.011111111111159165,0.024756622353645997,0.6535660598676505,0.016392976800861034,0.4979003896955875
added_10,"C(profession)[T.registered nurse]:C(model, Treatment(reference=""llama""))[T.ministral]",0.0222222222221498,0.025416764966635568,0.38194751757893186,0.01597591971711198,0.16423078145330483
added_10,"C(profession)[T.social worker]:C(model, Treatment(reference=""llama""))[T.ministral]",0.2666666666666196,0.030485672092841712,2.1855965199315406e-18,0.02045271811426004,7.418610375118133e-39
added_10,"C(profession)[T.truck driver]:C(model, Treatment(reference=""llama""))[T.ministral]",-0.055555555555585404,0.025377303570477815,0.028583558944716023,0.01619902774640523,0.0006045582806033616
added_10,"C(profession)[T.veterinarian]:C(model, Treatment(reference=""llama""))[T.ministral]",0.04444444444437906,0.025121568597237767,0.0768647192119743,0.015929395633874653,0.0052693422594395235
added_10,"C(profession)[T.waiter]:C(model, Treatment(reference=""llama""))[T.ministral]",0.044444444444394826,0.02466421066012135,0.07154836013484915,0.017373182886460174,0.010520915130540012
added_10,"C(profession)[T.administrative assistant]:C(model, Treatment(reference=""llama""))[T.qwen]",0.006349206349166525,0.0271570248000753,0.8151432813374767,0.019192830599062197,0.7407869812528756
added_10,"C(profession)[T.architect]:C(model, Treatment(reference=""llama""))[T.qwen]",0.14603174603170543,0.028315819851281464,2.5060386204946144e-07,0.019605472587734388,9.43934381220314e-14
added_10,"C(profession)[T.bank teller]:C(model, Treatment(reference=""llama""))[T.qwen]",-0.015873015873056263,0.02782843152664894,0.5684142628375148,0.020763336907161683,0.4445852652626028
added_10,"C(profession)[T.business manager]:C(model, Treatment(reference=""llama""))[T.qwen]",0.0761904761904383,0.028853429566127634,0.008275843329752943,0.021704934489378838,0.00044762894731354937
added_10,"C(profession)[T.cashier]:C(model, Treatment(reference=""llama""))[T.qwen]",-0.07777777777780351,0.027512853267400928,0.004699197279199052,0.01972853572815543,8.067031417441557e-05
added_10,"C(profession)[T.chef]:C(model, Treatment(reference=""llama""))[T.qwen]",0.0333333333332953,0.027165273776243812,0.21980125117635485,0.020435254718618737,0.10285487790152599
added_10,"C(profession)[T.civil engineer]:C(model, Treatment(reference=""llama""))[T.qwen]",0.09206349206346183,0.028319515625832462,0.0011504633288769274,0.020648437076285598,8.248980283855249e-06
added_10,"C(profession)[T.computer programmer]:C(model, Treatment(reference=""llama""))[T.qwen]",0.10317460317456842,0.02751026202303498,0.00017654972390773345,0.020097488166645174,2.840911920622125e-07
added_10,"C(profession)[T.construction worker]:C(model, Treatment(reference=""llama""))[T.qwen]",-0.06984126984129711,0.029163154087320797,0.016627336485403307,0.020817267314487613,0.0007937410844463521
added_10,"C(profession)[T.doctor]:C(model, Treatment(reference=""llama""))[T.qwen]",0.20317460317456873,0.030153511294770792,1.6057262616661163e-11,0.02055371442555806,4.833150058314995e-23
added_10,"C(profession)[T.electrician]:C(model, Treatment(reference=""llama""))[T.qwen]",0.00793650793647425,0.028006083479328717,0.7768816169391359,0.0203261906444765,0.6961984816890847
added_10,"C(profession)[T.elementary school teacher]:C(model, Treatment(reference=""llama""))[T.qwen]",0.12380952380948972,0.028368225438873518,1.274877513120412e-05,0.01984267776851737,4.388111521726754e-10
added_10,"C(profession)[T.farmer]:C(model, Treatment(reference=""llama""))[T.qwen]",-0.012698412698442602,0.029518923262729303,0.66706563858642,0.02180062254450383,0.5602438392183722
added_10,"C(profession)[T.flight attendant]:C(model, Treatment(reference=""llama""))[T.qwen]",0.0650793650793243,0.027320246078107166,0.017214552552854364,0.01981005862430613,0.0010192168199287825
added_10,"C(profession)[T.hairdresser]:C(model, Treatment(reference=""llama""))[T.qwen]",-0.03968253968257356,0.02728681366224335,0.1458699899233526,0.02018308577966303,0.049283771808440686
added_10,"C(profession)[T.janitor]:C(model, Treatment(reference=""llama""))[T.qwen]",-0.014285714285796064,0.029047740397108886,0.6228598710694226,0.021359379415315405,0.5036063003508443
added_10,"C(profession)[T.journalist]:C(model, Treatment(reference=""llama""))[T.qwen]",0.3396825396825322,0.031951498776537655,2.1336619065996513e-26,0.021339038341447084,4.7258672487309394e-57
added_10,"C(profession)[T.lawyer]:C(model, Treatment(reference=""llama""))[T.qwen]",0.2952380952380608,0.03198879874529894,2.7209837600262596e-20,0.02096675782012197,4.952806519240794e-45
added_10,"C(profession)[T.mechanic]:C(model, Treatment(reference=""llama""))[T.qwen]",-0.01111111111113754,0.028275736323947108,0.6943522180464561,0.02058301821273946,0.5893216347050847
added_10,"C(profession)[T.paramedic]:C(model, Treatment(reference=""llama""))[T.qwen]",0.17936507936503265,0.029641820487099502,1.438763967636355e-09,0.02013921714086981,5.278363836956978e-19
added_10,"C(profession)[T.pharmacist]:C(model, Treatment(reference=""llama""))[T.qwen]",0.02857142857138575,0.027862180748227144,0.3051482770239722,0.01960394492576714,0.14499700162107004
added_10,"C(profession)[T.plumber]:C(model, Treatment(reference=""llama""))[T.qwen]",-0.06825396825400266,0.02756860818506643,0.013294331663180614,0.01916711478284522,0.00036945444341699455
added_10,"C(profession)[T.police officer]:C(model, Treatment(reference=""llama""))[T.qwen]",0.24603174603172348,0.032208879222938976,2.1954336496793816e-14,0.024391222081984087,6.313370471985436e-24
added_10,"C(profession)[T.real estate agent]:C(model, Treatment(reference=""llama""))[T.qwen]",-0.020634920634970834,0.028330108138152343,0.4663845352739716,0.020334937296669194,0.31022400479096746
added_10,"C(profession)[T.registered nurse]:C(model, Treatment(reference=""llama""))[T.qwen]",0.12380952380946995,0.028394491067692717,1.2986283536431358e-05,0.019882446785607213,4.752180983291125e-10
added_10,"C(profession)[T.social worker]:C(model, Treatment(reference=""llama""))[T.qwen]",0.3857142857142436,0.032835058466942124,7.314813867799222e-32,0.02000717443635182,8.093455340988564e-83
added_10,"C(profession)[T.truck driver]:C(model, Treatment(reference=""llama""))[T.qwen]",-0.15873015873018356,0.028282157106821564,1.9956480693522815e-08,0.02063456255974815,1.44353853227099e-14
added_10,"C(profession)[T.veterinarian]:C(model, Treatment(reference=""llama""))[T.qwen]",0.07619047619041788,0.027861444890289425,0.006245224681024533,0.020066682519705475,0.00014653778432030312
added_10,"C(profession)[T.waiter]:C(model, Treatment(reference=""llama""))[T.qwen]",-0.03015873015874068,0.027657943707849488,0.2755288892661928,0.02013326779496393,0.13414492954224905
added_10,"C(country)[T.Canada]:C(model, Treatment(reference=""llama""))[T.gemma]",-0.007936507936826738,0.020365725129429725,0.6967589465149195,0.013130819771517558,0.5455655633371783
added_10,"C(country)[T.Italy]:C(model, Treatment(reference=""llama""))[T.gemma]",-0.1063492063494167,0.018448829791973584,8.187588267487571e-09,0.011280477186515436,4.1909040033421655e-21
added_10,"C(country)[T.Morocco]:C(model, Treatment(reference=""llama""))[T.gemma]",-0.11216931216958277,0.019833084326637728,1.5524258006814814e-08,0.011970404661548166,7.215343817686586e-21
added_10,"C(country)[T.Nigeria]:C(model, Treatment(reference=""llama""))[T.gemma]",-0.15396825396840247,0.02249287371594265,7.636827550160482e-12,0.012851389105238227,4.4868187878083345e-33
added_10,"C(country)[T.Pakistan]:C(model, Treatment(reference=""llama""))[T.gemma]",-0.11957671957701183,0.02183032010505292,4.312496243461021e-08,0.012378620368137354,4.461288552983794e-22
added_10,"C(country)[T.Poland]:C(model, Treatment(reference=""llama""))[T.gemma]",-0.12698412698439032,0.017903313474299833,1.3145158873930738e-12,0.01253036719441703,3.8990554846732245e-24
added_10,"C(country)[T.South Africa]:C(model, Treatment(reference=""llama""))[T.gemma]",-0.01534391534424515,0.017355380688756385,0.3766415092616454,0.011077809701690621,0.1660207568911286
added_10,"C(country)[T.South Korea]:C(model, Treatment(reference=""llama""))[T.gemma]",-0.11058201058236232,0.017371011400716858,1.941559750033448e-10,0.011481125214029905,5.878638914173564e-22
added_10,"C(country)[T.Turkey]:C(model, Treatment(reference=""llama""))[T.gemma]",-0.04814814814853786,0.019802318397498145,0.015038940815681122,0.01301155539831771,0.00021524760150842635
added_10,"C(country)[T.Canada]:C(model, Treatment(reference=""llama""))[T.ministral]",-0.042857142857285556,0.01598717477415481,0.007346390623488623,0.010678717398496558,5.986988294246536e-05
added_10,"C(country)[T.Italy]:C(model, Treatment(reference=""llama""))[T.ministral]",-0.15291005291018006,0.014720749759139893,2.830144989886028e-25,0.009899149817423616,7.929971156954929e-54
added_10,"C(country)[T.Morocco]:C(model, Treatment(reference=""llama""))[T.ministral]",-0.12486772486795693,0.015405210906697176,5.250695058335848e-16,0.010366917284254318,2.0650928558164422e-33
added_10,"C(country)[T.Nigeria]:C(model, Treatment(reference=""llama""))[T.ministral]",-0.10793650793671297,0.01642875047446447,5.0323133635437354e-11,0.010486122806604008,7.556455512107093e-25
added_10,"C(country)[T.Pakistan]:C(model, Treatment(reference=""llama""))[T.ministral]",-0.09206349206372752,0.016832355219517932,4.514695341027656e-08,0.010645155713887028,5.222961020762601e-18
added_10,"C(country)[T.Poland]:C(model, Treatment(reference=""llama""))[T.ministral]",-0.05026455026468915,0.014264777130079578,0.0004255933615483226,0.009877643670790746,3.60490841211405e-07
added_10,"C(country)[T.South Africa]:C(model, Treatment(reference=""llama""))[T.ministral]",-0.0550264550267653,0.013885919156970714,7.409071014967778e-05,0.009872557384769897,2.494166835271497e-08
added_10,"C(country)[T.South Korea]:C(model, Treatment(reference=""llama""))[T.ministral]",-0.06613756613773475,0.013747457983039578,1.502565284201129e-06,0.00992751477878595,2.7004035750191727e-11
added_10,"C(country)[T.Turkey]:C(model, Treatment(reference=""llama""))[T.ministral]",-0.023280423280700013,0.015633864720560196,0.13646044290357023,0.011944704273338847,0.05129347864017237
added_10,"C(country)[T.Canada]:C(model, Treatment(reference=""llama""))[T.qwen]",0.02751322751267625,0.016984143237106272,0.10524599456129767,0.012082049617575967,0.02277436358007172
added_10,"C(country)[T.Italy]:C(model, Treatment(reference=""llama""))[T.qwen]",-0.09682539682571936,0.01627187666039551,2.673652542134314e-09,0.011338593088595639,1.3485725243433355e-17
added_10,"C(country)[T.Morocco]:C(model, Treatment(reference=""llama""))[T.qwen]",-0.14074074074121473,0.016709418500759524,3.674694883739601e-17,0.011723602214657654,3.348447597436943e-33
added_10,"C(country)[T.Nigeria]:C(model, Treatment(reference=""llama""))[T.qwen]",-0.005820105820527871,0.01755320102933575,0.740214364880212,0.012918250876521244,0.6523257465041479
added_10,"C(country)[T.Pakistan]:C(model, Treatment(reference=""llama""))[T.qwen]",-0.059259259259760465,0.01808287631515848,0.001048819846113084,0.013085380841359434,5.935852814942086e-06
added_10,"C(country)[T.Poland]:C(model, Treatment(reference=""llama""))[T.qwen]",-0.0031746031750616043,0.015389683027431567,0.8365712176611638,0.010346409624133699,0.7589717194498996
added_10,"C(country)[T.South Africa]:C(model, Treatment(reference=""llama""))[T.qwen]",0.08518518518464846,0.015342959490309314,2.8230648776296382e-08,0.010919310664990842,6.125634073242936e-15
added_10,"C(country)[T.South Korea]:C(model, Treatment(reference=""llama""))[T.qwen]",-0.011640211640605603,0.015341938573253057,0.4480210060364508,0.010970674299494533,0.2886763882761175
added_10,"C(country)[T.Turkey]:C(model, Treatment(reference=""llama""))[T.qwen]",-0.00793650793742928,0.016927071295947088,0.6391662764964168,0.011872588762684617,0.5038315547747869
added_10,"C(gender)[T.male]:C(model, Treatment(reference=""llama""))[T.gemma]",-0.023650793650796552,0.011387046954415942,0.0378023930532675,0.006605818922180848,0.0003432038921916747
added_10,"C(gender)[T.neutral]:C(model, Treatment(reference=""llama""))[T.gemma]",0.3855555555555569,0.01020496660553353,0.0,0.006586578986059216,0.0
added_10,"C(gender)[T.male]:C(model, Treatment(reference=""llama""))[T.ministral]",-0.008730158730140117,0.00842441814388606,0.3000658484906492,0.00544195555545297,0.10866294442850247
added_10,"C(gender)[T.neutral]:C(model, Treatment(reference=""llama""))[T.ministral]",0.2966666666667108,0.008242745852049363,1.14679080533456e-283,0.005624921182884114,0.0
added_10,"C(gender)[T.male]:C(model, Treatment(reference=""llama""))[T.qwen]",-0.07619047619046619,0.009653256305691797,2.9566383083814457e-15,0.0069518080600788216,5.96262448791618e-28
added_10,"C(gender)[T.neutral]:C(model, Treatment(reference=""llama""))[T.qwen]",0.1822222222222386,0.008950117253554593,3.8045737338648944e-92,0.006757325579025717,3.642213734676905e-160
added_10,"C(age)[T.45]:C(model, Treatment(reference=""llama""))[T.gemma]",-0.03444444444444532,0.01101071503372583,0.0017584102048444146,0.006671732932159783,2.4335677089785615e-07
added_10,"C(age)[T.65]:C(model, Treatment(reference=""llama""))[T.gemma]",-0.13031746031746416,0.011076924774021989,5.928845553529572e-32,0.006866154897774962,2.5109462423955686e-80
added_10,"C(age)[T.45]:C(model, Treatment(reference=""llama""))[T.ministral]",-0.08142857142857639,0.008412435440195109,3.68341351399369e-22,0.005767602643822568,2.930985192826926e-45
added_10,"C(age)[T.65]:C(model, Treatment(reference=""llama""))[T.ministral]",-0.16730158730159367,0.008440878155391515,1.985217581266672e-87,0.0056395351657920504,2.1186166821370566e-193
added_10,"C(age)[T.45]:C(model, Treatment(reference=""llama""))[T.qwen]",-0.04904761904761672,0.009186691731840816,9.346783238565395e-08,0.006863921795506418,8.952957973878414e-13
added_10,"C(age)[T.65]:C(model, Treatment(reference=""llama""))[T.qwen]",-0.1144444444444414,0.00936739881417893,2.5125216201894998e-34,0.0068834497936314945,4.515376486681869e-62
