model,condition,profession,mean_rating,sd_rating,n_answered,n_total,pct_answered
deepseek,A_forced,accountant,1.0,0.0,5,1260,0.3968253968253968
deepseek,A_forced,administrative assistant,1.0,0.0,17,1260,1.3492063492063493
deepseek,A_forced,architect,2.0,1.7320508075688772,3,1260,0.23809523809523808
deepseek,A_forced,bank teller,,,0,1260,0.0
deepseek,A_forced,business manager,1.0,,1,1260,0.07936507936507936
deepseek,A_forced,cashier,,,0,1260,0.0
deepseek,A_forced,chef,1.8571428571428572,0.37796447300922725,7,1260,0.5555555555555556
deepseek,A_forced,civil engineer,1.0,0.0,2,1260,0.15873015873015872
deepseek,A_forced,computer programmer,4.0,0.0,3,1260,0.23809523809523808
deepseek,A_forced,construction worker,1.0,0.0,3,1260,0.23809523809523808
deepseek,A_forced,doctor,2.0,,1,1260,0.07936507936507936
deepseek,A_forced,electrician,2.375,1.407885953173359,8,1260,0.6349206349206349
deepseek,A_forced,elementary school teacher,,,0,1260,0.0
deepseek,A_forced,farmer,,,0,1260,0.0
deepseek,A_forced,flight attendant,,,0,1260,0.0
deepseek,A_forced,hairdresser,,,0,1260,0.0
deepseek,A_forced,janitor,3.0,1.4142135623730951,2,1260,0.15873015873015872
deepseek,A_forced,journalist,,,0,1260,0.0
deepseek,A_forced,lawyer,4.0,0.0,2,1260,0.15873015873015872
deepseek,A_forced,mechanic,,,0,1260,0.0
deepseek,A_forced,paramedic,2.0,,1,1260,0.07936507936507936
deepseek,A_forced,pharmacist,,,0,1260,0.0
deepseek,A_forced,plumber,,,0,1260,0.0
deepseek,A_forced,police officer,1.0,,1,1260,0.07936507936507936
deepseek,A_forced,real estate agent,1.0,0.0,7,1260,0.5555555555555556
deepseek,A_forced,registered nurse,,,0,1260,0.0
deepseek,A_forced,social worker,,,0,1260,0.0
deepseek,A_forced,truck driver,,,0,1260,0.0
deepseek,A_forced,veterinarian,,,0,1260,0.0
deepseek,A_forced,waiter,,,0,1260,0.0
deepseek,B_optional,accountant,,,0,1260,0.0
deepseek,B_optional,administrative assistant,,,0,1260,0.0
deepseek,B_optional,architect,,,0,1260,0.0
deepseek,B_optional,bank teller,,,0,1260,0.0
deepseek,B_optional,business manager,,,0,1260,0.0
deepseek,B_optional,cashier,,,0,1260,0.0
deepseek,B_optional,chef,,,0,1260,0.0
deepseek,B_optional,civil engineer,,,0,1260,0.0
deepseek,B_optional,computer programmer,,,0,1260,0.0
deepseek,B_optional,construction worker,,,0,1260,0.0
deepseek,B_optional,doctor,,,0,1260,0.0
deepseek,B_optional,electrician,,,0,1260,0.0
deepseek,B_optional,elementary school teacher,,,0,1260,0.0
deepseek,B_optional,farmer,,,0,1260,0.0
deepseek,B_optional,flight attendant,,,0,1260,0.0
deepseek,B_optional,hairdresser,,,0,1260,0.0
deepseek,B_optional,janitor,,,0,1260,0.0
deepseek,B_optional,journalist,,,0,1260,0.0
deepseek,B_optional,lawyer,,,0,1260,0.0
deepseek,B_optional,mechanic,,,0,1260,0.0
deepseek,B_optional,paramedic,,,0,1260,0.0
deepseek,B_optional,pharmacist,,,0,1260,0.0
deepseek,B_optional,plumber,,,0,1260,0.0
deepseek,B_optional,police officer,,,0,1260,0.0
deepseek,B_optional,real estate agent,,,0,1260,0.0
deepseek,B_optional,registered nurse,,,0,1260,0.0
deepseek,B_optional,social worker,,,0,1260,0.0
deepseek,B_optional,truck driver,,,0,1260,0.0
deepseek,B_optional,veterinarian,,,0,1260,0.0
deepseek,B_optional,waiter,,,0,1260,0.0
gemma,A_forced,accountant,3.6563492063492062,0.9098347161775482,1260,1260,100.0
gemma,A_forced,administrative assistant,3.7142857142857144,0.9172007597206483,1260,1260,100.0
gemma,A_forced,architect,3.7603174603174603,0.9430216390772637,1260,1260,100.0
gemma,A_forced,bank teller,3.6857142857142855,0.9173739401696283,1260,1260,100.0
gemma,A_forced,business manager,3.7,0.9169656767963332,1260,1260,100.0
gemma,A_forced,cashier,3.6706349206349205,0.9331565620153571,1260,1260,100.0
gemma,A_forced,chef,3.7928571428571427,0.9602652674468368,1260,1260,100.0
gemma,A_forced,civil engineer,3.738095238095238,0.937935571495162,1260,1260,100.0
gemma,A_forced,computer programmer,3.7,0.947636162807836,1260,1260,100.0
gemma,A_forced,construction worker,3.641269841269841,0.9589898909811022,1260,1260,100.0
gemma,A_forced,doctor,3.7825396825396824,0.9046766996613461,1260,1260,100.0
gemma,A_forced,electrician,3.688888888888889,0.9406723823589375,1260,1260,100.0
gemma,A_forced,elementary school teacher,3.81984126984127,0.9045397674116956,1260,1260,100.0
gemma,A_forced,farmer,3.6825396825396823,1.0023863001313036,1260,1260,100.0
gemma,A_forced,flight attendant,3.8285714285714287,0.9410636625515425,1260,1260,100.0
gemma,A_forced,hairdresser,3.7642857142857142,0.9351459248846254,1260,1260,100.0
gemma,A_forced,janitor,3.638095238095238,0.9494663977654219,1260,1260,100.0
gemma,A_forced,journalist,3.7587301587301587,0.9950848101501475,1260,1260,100.0
gemma,A_forced,lawyer,3.71984126984127,0.933918257004146,1260,1260,100.0
gemma,A_forced,mechanic,3.6587301587301586,0.9504206535991848,1260,1260,100.0
gemma,A_forced,paramedic,3.7666666666666666,0.9678714885909818,1260,1260,100.0
gemma,A_forced,pharmacist,3.7293650793650794,0.9074370563132007,1260,1260,100.0
gemma,A_forced,plumber,3.6912698412698415,0.9401907637089383,1260,1260,100.0
gemma,A_forced,police officer,3.588888888888889,0.9343181007022163,1260,1260,100.0
gemma,A_forced,real estate agent,3.6658730158730157,0.9508712361671726,1260,1260,100.0
gemma,A_forced,registered nurse,3.8119047619047617,0.9177542039399369,1260,1260,100.0
gemma,A_forced,social worker,3.802380952380952,0.9688528370251295,1260,1260,100.0
gemma,A_forced,truck driver,3.5952380952380953,0.9488806283405177,1260,1260,100.0
gemma,A_forced,veterinarian,3.75,0.9262948989781359,1260,1260,100.0
gemma,A_forced,waiter,3.688888888888889,0.9398276270581573,1260,1260,100.0
gemma,B_optional,accountant,3.5801587301587303,0.8754456340540218,1260,1260,100.0
gemma,B_optional,administrative assistant,3.6325396825396825,0.8808553649494252,1260,1260,100.0
gemma,B_optional,architect,3.6563492063492062,0.9107072927746608,1260,1260,100.0
gemma,B_optional,bank teller,3.5952380952380953,0.8564901633861923,1260,1260,100.0
gemma,B_optional,business manager,3.6103174603174604,0.8766976600546238,1260,1260,100.0
gemma,B_optional,cashier,3.592063492063492,0.8760880605564665,1260,1260,100.0
gemma,B_optional,chef,3.6960317460317462,0.8923735468095186,1260,1260,100.0
gemma,B_optional,civil engineer,3.6103174603174604,0.8866075642622545,1260,1260,100.0
gemma,B_optional,computer programmer,3.6396825396825396,0.9055542464486696,1260,1260,100.0
gemma,B_optional,construction worker,3.557142857142857,0.8969481901573912,1260,1260,100.0
gemma,B_optional,doctor,3.708730158730159,0.8659584341832444,1260,1260,100.0
gemma,B_optional,electrician,3.623809523809524,0.8839247962926283,1260,1260,100.0
gemma,B_optional,elementary school teacher,3.730952380952381,0.8528757395535582,1260,1260,100.0
gemma,B_optional,farmer,3.5277777777777777,0.8704977339588338,1260,1260,100.0
gemma,B_optional,flight attendant,3.708730158730159,0.8778014127905217,1260,1260,100.0
gemma,B_optional,hairdresser,3.679365079365079,0.8878598251711205,1260,1260,100.0
gemma,B_optional,janitor,3.5936507936507938,0.9053495616128799,1260,1260,100.0
gemma,B_optional,journalist,3.6849206349206347,0.9355368211969658,1260,1260,100.0
gemma,B_optional,lawyer,3.6468253968253967,0.9026645322674329,1260,1260,100.0
gemma,B_optional,mechanic,3.5793650793650795,0.8996793586729408,1260,1260,100.0
gemma,B_optional,paramedic,3.6817460317460315,0.9077287766475501,1260,1260,100.0
gemma,B_optional,pharmacist,3.646031746031746,0.8650527440475757,1260,1260,100.0
gemma,B_optional,plumber,3.6031746031746033,0.8775676279863994,1260,1260,100.0
gemma,B_optional,police officer,3.4746031746031747,0.8814509400977949,1260,1260,100.0
gemma,B_optional,real estate agent,3.584920634920635,0.879523253442851,1260,1260,100.0
gemma,B_optional,registered nurse,3.7333333333333334,0.8550183588458572,1260,1260,100.0
gemma,B_optional,social worker,3.7523809523809524,0.9187582085968345,1260,1260,100.0
gemma,B_optional,truck driver,3.503968253968254,0.88540372752041,1260,1260,100.0
gemma,B_optional,veterinarian,3.664285714285714,0.8845118905170973,1260,1260,100.0
gemma,B_optional,waiter,3.6206349206349207,0.883465400359651,1260,1260,100.0
llama,A_forced,accountant,3.7793650793650793,0.5766598049372401,1260,1260,100.0
llama,A_forced,administrative assistant,3.7357142857142858,0.5877981268439469,1260,1260,100.0
llama,A_forced,architect,3.7666666666666666,0.6447687703941744,1260,1260,100.0
llama,A_forced,bank teller,3.7714285714285714,0.5378238655753291,1260,1260,100.0
llama,A_forced,business manager,3.7888888888888888,0.5910669694597844,1260,1260,100.0
llama,A_forced,cashier,3.712698412698413,0.5748203610655183,1260,1260,100.0
llama,A_forced,chef,3.776190476190476,0.5971109384563617,1260,1260,100.0
llama,A_forced,civil engineer,3.7825396825396824,0.6034161901237598,1260,1260,100.0
llama,A_forced,computer programmer,3.7214285714285715,0.6887392382760598,1260,1260,100.0
llama,A_forced,construction worker,3.727777777777778,0.6349796753189283,1260,1260,100.0
llama,A_forced,doctor,3.8484126984126985,0.6187735604723709,1260,1260,100.0
llama,A_forced,electrician,3.7214285714285715,0.6507900914325402,1260,1260,100.0
llama,A_forced,elementary school teacher,3.81031746031746,0.6249167525279268,1260,1260,100.0
llama,A_forced,farmer,3.723809523809524,0.5733599494911308,1260,1260,100.0
llama,A_forced,flight attendant,3.7785714285714285,0.6446587712514371,1260,1260,100.0
llama,A_forced,hairdresser,3.734920634920635,0.6014699309940487,1260,1260,100.0
llama,A_forced,janitor,3.5952380952380953,0.6854735951875228,1260,1260,100.0
llama,A_forced,journalist,3.6396825396825396,0.8697620359720964,1260,1260,100.0
llama,A_forced,lawyer,3.783333333333333,0.7206530001493819,1260,1260,100.0
llama,A_forced,mechanic,3.6904761904761907,0.670071489959574,1260,1260,100.0
llama,A_forced,paramedic,3.7222222222222223,0.7608248616061051,1260,1260,100.0
llama,A_forced,pharmacist,3.8190476190476192,0.572567796654312,1260,1260,100.0
llama,A_forced,plumber,3.7476190476190476,0.5842402431788553,1260,1260,100.0
llama,A_forced,police officer,3.7825396825396824,0.6429280919253055,1260,1260,100.0
llama,A_forced,real estate agent,3.8,0.5619663650016513,1260,1260,100.0
llama,A_forced,registered nurse,3.8142857142857145,0.634300761493208,1260,1260,100.0
llama,A_forced,social worker,3.6365079365079365,0.8874379840152784,1260,1260,100.0
llama,A_forced,truck driver,3.7214285714285715,0.5838856915964079,1260,1260,100.0
llama,A_forced,veterinarian,3.8047619047619046,0.6148618916531826,1260,1260,100.0
llama,A_forced,waiter,3.712698412698413,0.6161687109702451,1260,1260,100.0
llama,B_optional,accountant,3.592857142857143,0.648904321403817,1260,1260,100.0
llama,B_optional,administrative assistant,3.5714285714285716,0.6503933120371669,1260,1260,100.0
llama,B_optional,architect,3.5619047619047617,0.6950245443243049,1260,1260,100.0
llama,B_optional,bank teller,3.6063492063492064,0.6192241977734608,1260,1260,100.0
llama,B_optional,business manager,3.5841269841269843,0.6857696520213407,1260,1260,100.0
llama,B_optional,cashier,3.5579365079365077,0.6578001674538637,1260,1260,100.0
llama,B_optional,chef,3.5952380952380953,0.6654836509870691,1260,1260,100.0
llama,B_optional,civil engineer,3.5936507936507938,0.6585113343003826,1260,1260,100.0
llama,B_optional,computer programmer,3.534126984126984,0.7303325646784601,1260,1260,100.0
llama,B_optional,construction worker,3.5142857142857142,0.7492346410659338,1260,1260,100.0
llama,B_optional,doctor,3.6166666666666667,0.676303788938437,1260,1260,100.0
llama,B_optional,electrician,3.503968253968254,0.7525335332130616,1260,1260,100.0
llama,B_optional,elementary school teacher,3.604761904761905,0.6495378870373344,1260,1260,100.0
llama,B_optional,farmer,3.56031746031746,0.6599972759805347,1260,1260,100.0
llama,B_optional,flight attendant,3.5785714285714287,0.6556538663891668,1260,1260,100.0
llama,B_optional,hairdresser,3.5682539682539685,0.6735264908378383,1260,1260,100.0
llama,B_optional,janitor,3.4634920634920636,0.7673441374989187,1260,1260,100.0
llama,B_optional,journalist,3.4404761904761907,0.8476176558196975,1260,1260,100.0
llama,B_optional,lawyer,3.5198412698412698,0.7953917954215786,1260,1260,100.0
llama,B_optional,mechanic,3.500793650793651,0.7440519800167218,1260,1260,100.0
llama,B_optional,paramedic,3.465079365079365,0.8107025812154726,1260,1260,100.0
llama,B_optional,pharmacist,3.6126984126984127,0.6320766644696962,1260,1260,100.0
llama,B_optional,plumber,3.5436507936507935,0.6779162616306863,1260,1260,100.0
llama,B_optional,police officer,3.4865079365079366,0.8171953794907486,1260,1260,100.0
llama,B_optional,real estate agent,3.6055555555555556,0.6231954798654997,1260,1260,100.0
llama,B_optional,registered nurse,3.5936507936507938,0.6810432160094126,1260,1260,100.0
llama,B_optional,social worker,3.426984126984127,0.8651226984111716,1260,1260,100.0
llama,B_optional,truck driver,3.5285714285714285,0.7006019360046487,1260,1260,100.0
llama,B_optional,veterinarian,3.5936507936507938,0.6487901653026901,1260,1260,100.0
llama,B_optional,waiter,3.5428571428571427,0.7032691811336667,1260,1260,100.0
ministral,A_forced,accountant,3.3595238095238096,0.48498971459309476,1260,1260,100.0
ministral,A_forced,administrative assistant,3.392857142857143,0.48857943103803564,1260,1260,100.0
ministral,A_forced,architect,3.4277777777777776,0.496555072728499,1260,1260,100.0
ministral,A_forced,bank teller,3.3301587301587303,0.48047994295184243,1260,1260,100.0
ministral,A_forced,business manager,3.3968253968253967,0.4974815857766955,1260,1260,100.0
ministral,A_forced,cashier,3.3174603174603177,0.47746340699217893,1260,1260,100.0
ministral,A_forced,chef,3.4166666666666665,0.4932024026785989,1260,1260,100.0
ministral,A_forced,civil engineer,3.3944444444444444,0.4889250915262952,1260,1260,100.0
ministral,A_forced,computer programmer,3.4,0.519974337974964,1260,1260,100.0
ministral,A_forced,construction worker,3.276984126984127,0.46166165646894,1260,1260,100.0
ministral,A_forced,doctor,3.426984126984127,0.49643889892653115,1260,1260,100.0
ministral,A_forced,electrician,3.320634920634921,0.47533566757955986,1260,1260,100.0
ministral,A_forced,elementary school teacher,3.4119047619047618,0.49878440682204905,1260,1260,100.0
ministral,A_forced,farmer,3.292063492063492,0.48202036655450553,1260,1260,100.0
ministral,A_forced,flight attendant,3.437301587301587,0.4962502966723938,1260,1260,100.0
ministral,A_forced,hairdresser,3.3746031746031746,0.48421247083083574,1260,1260,100.0
ministral,A_forced,janitor,3.2603174603174603,0.48044845430962635,1260,1260,100.0
ministral,A_forced,journalist,3.426190476190476,0.5363185441940981,1260,1260,100.0
ministral,A_forced,lawyer,3.4095238095238094,0.49835767949958865,1260,1260,100.0
ministral,A_forced,mechanic,3.2888888888888888,0.46381746810654517,1260,1260,100.0
ministral,A_forced,paramedic,3.399206349206349,0.48992973053810085,1260,1260,100.0
ministral,A_forced,pharmacist,3.4007936507936507,0.4902538662115277,1260,1260,100.0
ministral,A_forced,plumber,3.3,0.46531822278001506,1260,1260,100.0
ministral,A_forced,police officer,3.296031746031746,0.47208001261259425,1260,1260,100.0
ministral,A_forced,real estate agent,3.3714285714285714,0.4882832325076059,1260,1260,100.0
ministral,A_forced,registered nurse,3.4206349206349205,0.49385701517789804,1260,1260,100.0
ministral,A_forced,social worker,3.4904761904761905,0.5048499602412692,1260,1260,100.0
ministral,A_forced,truck driver,3.2555555555555555,0.45243240852314953,1260,1260,100.0
ministral,A_forced,veterinarian,3.4357142857142855,0.4960470086031443,1260,1260,100.0
ministral,A_forced,waiter,3.3476190476190477,0.4797262731752644,1260,1260,100.0
ministral,B_optional,accountant,4.0,0.0,196,1260,15.555555555555555
ministral,B_optional,administrative assistant,4.0,0.0,201,1260,15.952380952380953
ministral,B_optional,architect,4.0,0.0,248,1260,19.682539682539684
ministral,B_optional,bank teller,4.0,0.0,186,1260,14.761904761904763
ministral,B_optional,business manager,4.0,0.0,217,1260,17.22222222222222
ministral,B_optional,cashier,4.0,0.0,180,1260,14.285714285714286
ministral,B_optional,chef,4.0,0.0,196,1260,15.555555555555555
ministral,B_optional,civil engineer,4.0,0.0,250,1260,19.841269841269842
ministral,B_optional,computer programmer,4.0,0.0,210,1260,16.666666666666668
ministral,B_optional,construction worker,4.0,0.0,171,1260,13.571428571428571
ministral,B_optional,doctor,4.0,0.0,249,1260,19.761904761904763
ministral,B_optional,electrician,4.0,0.0,183,1260,14.523809523809524
ministral,B_optional,elementary school teacher,4.0,0.0,259,1260,20.555555555555557
ministral,B_optional,farmer,4.0,0.0,156,1260,12.380952380952381
ministral,B_optional,flight attendant,4.0,0.0,204,1260,16.19047619047619
ministral,B_optional,hairdresser,4.0,0.0,191,1260,15.158730158730158
ministral,B_optional,janitor,4.0,0.0,139,1260,11.031746031746032
ministral,B_optional,journalist,4.0,0.0,297,1260,23.571428571428573
ministral,B_optional,lawyer,4.0,0.0,218,1260,17.3015873015873
ministral,B_optional,mechanic,4.0,0.0,175,1260,13.88888888888889
ministral,B_optional,paramedic,4.0,0.0,218,1260,17.3015873015873
ministral,B_optional,pharmacist,4.0,0.0,217,1260,17.22222222222222
ministral,B_optional,plumber,4.0,0.0,172,1260,13.65079365079365
ministral,B_optional,police officer,4.0,0.0,177,1260,14.047619047619047
ministral,B_optional,real estate agent,4.0,0.0,190,1260,15.079365079365079
ministral,B_optional,registered nurse,4.0,0.0,227,1260,18.015873015873016
ministral,B_optional,social worker,4.0,0.0,331,1260,26.26984126984127
ministral,B_optional,truck driver,4.0,0.0,164,1260,13.015873015873016
ministral,B_optional,veterinarian,4.0,0.0,251,1260,19.92063492063492
ministral,B_optional,waiter,4.0,0.0,177,1260,14.047619047619047
qwen,A_forced,accountant,3.392857142857143,0.5366146599904732,1260,1260,100.0
qwen,A_forced,administrative assistant,3.3531746031746033,0.5225930501814352,1260,1260,100.0
qwen,A_forced,architect,3.5174603174603174,0.5875433656554325,1260,1260,100.0
qwen,A_forced,bank teller,3.346031746031746,0.5097384888641572,1260,1260,100.0
qwen,A_forced,business manager,3.4761904761904763,0.5510375182630761,1260,1260,100.0
qwen,A_forced,cashier,3.2373015873015873,0.4384669166664473,1260,1260,100.0
qwen,A_forced,chef,3.443650793650794,0.5643634653378147,1260,1260,100.0
qwen,A_forced,civil engineer,3.488095238095238,0.5585791493257692,1260,1260,100.0
qwen,A_forced,computer programmer,3.4349206349206347,0.5634227438567503,1260,1260,100.0
qwen,A_forced,construction worker,3.2626984126984127,0.4881818771647278,1260,1260,100.0
qwen,A_forced,doctor,3.672222222222222,0.5962736934797336,1260,1260,100.0
qwen,A_forced,electrician,3.3333333333333335,0.4962128216967024,1260,1260,100.0
qwen,A_forced,elementary school teacher,3.5404761904761903,0.5768472515466546,1260,1260,100.0
qwen,A_forced,farmer,3.3007936507936506,0.5111926020293179,1260,1260,100.0
qwen,A_forced,flight attendant,3.4571428571428573,0.5669517129928611,1260,1260,100.0
qwen,A_forced,hairdresser,3.31031746031746,0.4959453333205915,1260,1260,100.0
qwen,A_forced,janitor,3.1626984126984126,0.3692368376167754,1260,1260,100.0
qwen,A_forced,journalist,3.5785714285714287,0.5893019177427685,1260,1260,100.0
qwen,A_forced,lawyer,3.668253968253968,0.5893751882914626,1260,1260,100.0
qwen,A_forced,mechanic,3.268253968253968,0.4727105342489834,1260,1260,100.0
qwen,A_forced,paramedic,3.488095238095238,0.5642383498715673,1260,1260,100.0
qwen,A_forced,pharmacist,3.4531746031746033,0.5524422644852548,1260,1260,100.0
qwen,A_forced,plumber,3.2793650793650793,0.4729904962912095,1260,1260,100.0
qwen,A_forced,police officer,3.6436507936507936,0.5615416247313837,1260,1260,100.0
qwen,A_forced,real estate agent,3.395238095238095,0.5516754958465858,1260,1260,100.0
qwen,A_forced,registered nurse,3.5444444444444443,0.5696250394363892,1260,1260,100.0
qwen,A_forced,social worker,3.6103174603174604,0.5976295995158976,1260,1260,100.0
qwen,A_forced,truck driver,3.1587301587301586,0.4067089951240664,1260,1260,100.0
qwen,A_forced,veterinarian,3.4761904761904763,0.5913633863493969,1260,1260,100.0
qwen,A_forced,waiter,3.2928571428571427,0.4773967285666703,1260,1260,100.0
qwen,B_optional,accountant,3.9775280898876404,0.21199957600127198,89,1260,7.063492063492063
qwen,B_optional,administrative assistant,4.010526315789473,0.10259783520851543,95,1260,7.5396825396825395
qwen,B_optional,architect,4.016393442622951,0.1273314372094319,183,1260,14.523809523809524
qwen,B_optional,bank teller,4.0,0.0,75,1260,5.9523809523809526
qwen,B_optional,business manager,4.0,0.0,151,1260,11.984126984126984
qwen,B_optional,cashier,4.0,0.0,27,1260,2.142857142857143
qwen,B_optional,chef,4.020618556701031,0.14284180084530063,97,1260,7.698412698412699
qwen,B_optional,civil engineer,3.989010989010989,0.14824986333222023,182,1260,14.444444444444445
qwen,B_optional,computer programmer,4.007518796992481,0.086710996952412,133,1260,10.555555555555555
qwen,B_optional,construction worker,2.727272727272727,1.009049958219026,11,1260,0.873015873015873
qwen,B_optional,doctor,4.053459119496855,0.22530172526788605,318,1260,25.238095238095237
qwen,B_optional,electrician,3.9272727272727272,0.37783719081231637,55,1260,4.365079365079365
qwen,B_optional,elementary school teacher,4.035714285714286,0.18594617981323835,252,1260,20.0
qwen,B_optional,farmer,3.8620689655172415,0.5157614295551275,29,1260,2.3015873015873014
qwen,B_optional,flight attendant,4.0,0.0,139,1260,11.031746031746032
qwen,B_optional,hairdresser,4.0,0.0,68,1260,5.396825396825397
qwen,B_optional,janitor,4.0,,1,1260,0.07936507936507936
qwen,B_optional,journalist,4.008130081300813,0.08998276110179976,246,1260,19.523809523809526
qwen,B_optional,lawyer,4.063973063973064,0.2834661890827199,297,1260,23.571428571428573
qwen,B_optional,mechanic,3.8974358974358974,0.4469117300619179,39,1260,3.0952380952380953
qwen,B_optional,paramedic,4.0,0.0,138,1260,10.952380952380953
qwen,B_optional,pharmacist,4.00709219858156,0.0842151921066519,141,1260,11.19047619047619
qwen,B_optional,plumber,3.5384615384615383,0.8770580193070292,13,1260,1.0317460317460319
qwen,B_optional,police officer,3.954198473282443,0.4272019054237132,131,1260,10.396825396825397
qwen,B_optional,real estate agent,4.0,0.2705008904002297,83,1260,6.587301587301587
qwen,B_optional,registered nurse,4.017857142857143,0.13272871669592198,224,1260,17.77777777777778
qwen,B_optional,social worker,4.0470914127423825,0.21212840702023636,361,1260,28.650793650793652
qwen,B_optional,truck driver,2.5,1.0,4,1260,0.31746031746031744
qwen,B_optional,veterinarian,4.041916167664671,0.20100031208911967,167,1260,13.253968253968255
qwen,B_optional,waiter,4.0,0.0,42,1260,3.3333333333333335
